,product_id,ordered_at,quantity_ordered,old_price,new_price,updated_at,price,revenue
0,3998909,2018-09-18 17:51:00,1,15500,16500,2018-09-16 05:09:00,16500,16500
1,3998909,2018-09-18 17:51:00,1,17000,15500,2018-09-13 06:43:00,16500,16500
2,3998909,2018-09-18 17:51:00,1,19000,17000,2018-09-10 16:35:00,16500,16500
3,3998909,2018-09-18 12:52:00,1,15500,16500,2018-09-16 05:09:00,16500,16500
4,3998909,2018-09-18 12:52:00,1,17000,15500,2018-09-13 06:43:00,16500,16500
5,3998909,2018-09-18 12:52:00,1,19000,17000,2018-09-10 16:35:00,16500,16500
6,3998909,2018-09-18 11:33:00,1,15500,16500,2018-09-16 05:09:00,16500,16500
7,3998909,2018-09-18 11:33:00,1,17000,15500,2018-09-13 06:43:00,16500,16500
8,3998909,2018-09-18 11:33:00,1,19000,17000,2018-09-10 16:35:00,16500,16500
9,3998909,2018-09-18 18:47:00,1,15500,16500,2018-09-16 05:09:00,16500,16500
10,3998909,2018-09-18 18:47:00,1,17000,15500,2018-09-13 06:43:00,16500,16500
11,3998909,2018-09-18 18:47:00,1,19000,17000,2018-09-10 16:35:00,16500,16500
12,3998909,2018-09-18 17:36:00,1,15500,16500,2018-09-16 05:09:00,16500,16500
13,3998909,2018-09-18 17:36:00,1,17000,15500,2018-09-13 06:43:00,16500,16500
14,3998909,2018-09-18 17:36:00,1,19000,17000,2018-09-10 16:35:00,16500,16500
15,3998909,2018-09-17 19:09:00,1,15500,16500,2018-09-16 05:09:00,16500,16500
16,3998909,2018-09-17 19:09:00,1,17000,15500,2018-09-13 06:43:00,16500,16500
17,3998909,2018-09-17 19:09:00,1,19000,17000,2018-09-10 16:35:00,16500,16500
18,3998909,2018-09-18 16:02:00,1,15500,16500,2018-09-16 05:09:00,16500,16500
19,3998909,2018-09-18 16:02:00,1,17000,15500,2018-09-13 06:43:00,16500,16500
20,3998909,2018-09-18 16:02:00,1,19000,17000,2018-09-10 16:35:00,16500,16500
21,3998909,2018-09-17 22:29:00,1,15500,16500,2018-09-16 05:09:00,16500,16500
22,3998909,2018-09-17 22:29:00,1,17000,15500,2018-09-13 06:43:00,16500,16500
23,3998909,2018-09-17 22:29:00,1,19000,17000,2018-09-10 16:35:00,16500,16500
24,3998909,2018-09-18 19:46:00,2,15500,16500,2018-09-16 05:09:00,16500,33000
25,3998909,2018-09-18 19:46:00,2,17000,15500,2018-09-13 06:43:00,16500,33000
26,3998909,2018-09-18 19:46:00,2,19000,17000,2018-09-10 16:35:00,16500,33000
27,3998909,2018-09-18 11:02:00,1,15500,16500,2018-09-16 05:09:00,16500,16500
28,3998909,2018-09-18 11:02:00,1,17000,15500,2018-09-13 06:43:00,16500,16500
29,3998909,2018-09-18 11:02:00,1,19000,17000,2018-09-10 16:35:00,16500,16500
30,3998909,2018-09-18 17:43:00,1,15500,16500,2018-09-16 05:09:00,16500,16500
31,3998909,2018-09-18 17:43:00,1,17000,15500,2018-09-13 06:43:00,16500,16500
32,3998909,2018-09-18 17:43:00,1,19000,17000,2018-09-10 16:35:00,16500,16500
33,3998909,2018-09-18 22:11:00,1,15500,16500,2018-09-16 05:09:00,16500,16500
34,3998909,2018-09-18 22:11:00,1,17000,15500,2018-09-13 06:43:00,16500,16500
35,3998909,2018-09-18 22:11:00,1,19000,17000,2018-09-10 16:35:00,16500,16500
36,3998909,2018-09-17 17:34:00,1,15500,16500,2018-09-16 05:09:00,16500,16500
37,3998909,2018-09-17 17:34:00,1,17000,15500,2018-09-13 06:43:00,16500,16500
38,3998909,2018-09-17 17:34:00,1,19000,17000,2018-09-10 16:35:00,16500,16500
39,3998909,2018-09-13 18:58:00,1,15500,16500,2018-09-16 05:09:00,15500,15500
40,3998909,2018-09-13 18:58:00,1,17000,15500,2018-09-13 06:43:00,15500,15500
41,3998909,2018-09-13 18:58:00,1,19000,17000,2018-09-10 16:35:00,15500,15500
42,3998909,2018-09-12 08:28:00,1,15500,16500,2018-09-16 05:09:00,17000,17000
43,3998909,2018-09-12 08:28:00,1,17000,15500,2018-09-13 06:43:00,17000,17000
44,3998909,2018-09-12 08:28:00,1,19000,17000,2018-09-10 16:35:00,17000,17000
45,3998909,2018-09-12 19:58:00,1,15500,16500,2018-09-16 05:09:00,17000,17000
46,3998909,2018-09-12 19:58:00,1,17000,15500,2018-09-13 06:43:00,17000,17000
47,3998909,2018-09-12 19:58:00,1,19000,17000,2018-09-10 16:35:00,17000,17000
48,3954203,2018-09-11 13:32:00,1,60000,64000,2018-09-11 11:54:00,64000,64000
49,3954203,2018-09-11 13:32:00,1,60500,57500,2018-09-17 22:59:00,64000,64000
50,3954203,2018-09-11 13:32:00,1,64000,60500,2018-09-15 03:49:00,64000,64000
51,3954203,2018-09-11 13:32:00,1,68800,60000,2018-09-10 16:32:00,64000,64000
52,3954203,2018-09-11 17:00:00,1,60000,64000,2018-09-11 11:54:00,64000,64000
53,3954203,2018-09-11 17:00:00,1,60500,57500,2018-09-17 22:59:00,64000,64000
54,3954203,2018-09-11 17:00:00,1,64000,60500,2018-09-15 03:49:00,64000,64000
55,3954203,2018-09-11 17:00:00,1,68800,60000,2018-09-10 16:32:00,64000,64000
56,3954203,2018-09-11 18:26:00,1,60000,64000,2018-09-11 11:54:00,64000,64000
57,3954203,2018-09-11 18:26:00,1,60500,57500,2018-09-17 22:59:00,64000,64000
58,3954203,2018-09-11 18:26:00,1,64000,60500,2018-09-15 03:49:00,64000,64000
59,3954203,2018-09-11 18:26:00,1,68800,60000,2018-09-10 16:32:00,64000,64000
60,3954203,2018-09-11 14:13:00,1,60000,64000,2018-09-11 11:54:00,64000,64000
61,3954203,2018-09-11 14:13:00,1,60500,57500,2018-09-17 22:59:00,64000,64000
62,3954203,2018-09-11 14:13:00,1,64000,60500,2018-09-15 03:49:00,64000,64000
63,3954203,2018-09-11 14:13:00,1,68800,60000,2018-09-10 16:32:00,64000,64000
64,3954203,2018-09-11 15:10:00,1,60000,64000,2018-09-11 11:54:00,64000,64000
65,3954203,2018-09-11 15:10:00,1,60500,57500,2018-09-17 22:59:00,64000,64000
66,3954203,2018-09-11 15:10:00,1,64000,60500,2018-09-15 03:49:00,64000,64000
67,3954203,2018-09-11 15:10:00,1,68800,60000,2018-09-10 16:32:00,64000,64000
68,3954203,2018-09-12 19:16:00,1,60000,64000,2018-09-11 11:54:00,64000,64000
69,3954203,2018-09-12 19:16:00,1,60500,57500,2018-09-17 22:59:00,64000,64000
70,3954203,2018-09-12 19:16:00,1,64000,60500,2018-09-15 03:49:00,64000,64000
71,3954203,2018-09-12 19:16:00,1,68800,60000,2018-09-10 16:32:00,64000,64000
72,3954203,2018-09-11 14:58:00,1,60000,64000,2018-09-11 11:54:00,64000,64000
73,3954203,2018-09-11 14:58:00,1,60500,57500,2018-09-17 22:59:00,64000,64000
74,3954203,2018-09-11 14:58:00,1,64000,60500,2018-09-15 03:49:00,64000,64000
75,3954203,2018-09-11 14:58:00,1,68800,60000,2018-09-10 16:32:00,64000,64000
76,3954203,2018-09-11 12:26:00,1,60000,64000,2018-09-11 11:54:00,64000,64000
77,3954203,2018-09-11 12:26:00,1,60500,57500,2018-09-17 22:59:00,64000,64000
78,3954203,2018-09-11 12:26:00,1,64000,60500,2018-09-15 03:49:00,64000,64000
79,3954203,2018-09-11 12:26:00,1,68800,60000,2018-09-10 16:32:00,64000,64000
80,3954203,2018-09-11 16:00:00,1,60000,64000,2018-09-11 11:54:00,64000,64000
81,3954203,2018-09-11 16:00:00,1,60500,57500,2018-09-17 22:59:00,64000,64000
82,3954203,2018-09-11 16:00:00,1,64000,60500,2018-09-15 03:49:00,64000,64000
83,3954203,2018-09-11 16:00:00,1,68800,60000,2018-09-10 16:32:00,64000,64000
84,3954203,2018-09-11 15:27:00,1,60000,64000,2018-09-11 11:54:00,64000,64000
85,3954203,2018-09-11 15:27:00,1,60500,57500,2018-09-17 22:59:00,64000,64000
86,3954203,2018-09-11 15:27:00,1,64000,60500,2018-09-15 03:49:00,64000,64000
87,3954203,2018-09-11 15:27:00,1,68800,60000,2018-09-10 16:32:00,64000,64000
88,3954203,2018-09-11 11:11:00,1,60000,64000,2018-09-11 11:54:00,60000,60000
89,3954203,2018-09-11 11:11:00,1,60500,57500,2018-09-17 22:59:00,60000,60000
90,3954203,2018-09-11 11:11:00,1,64000,60500,2018-09-15 03:49:00,60000,60000
91,3954203,2018-09-11 11:11:00,1,68800,60000,2018-09-10 16:32:00,60000,60000
92,3954203,2018-09-11 11:11:00,1,60000,64000,2018-09-11 11:54:00,60000,60000
93,3954203,2018-09-11 11:11:00,1,60500,57500,2018-09-17 22:59:00,60000,60000
94,3954203,2018-09-11 11:11:00,1,64000,60500,2018-09-15 03:49:00,60000,60000
95,3954203,2018-09-11 11:11:00,1,68800,60000,2018-09-10 16:32:00,60000,60000
96,3954203,2018-09-11 01:43:00,1,60000,64000,2018-09-11 11:54:00,60000,60000
97,3954203,2018-09-11 01:43:00,1,60500,57500,2018-09-17 22:59:00,60000,60000
98,3954203,2018-09-11 01:43:00,1,64000,60500,2018-09-15 03:49:00,60000,60000
99,3954203,2018-09-11 01:43:00,1,68800,60000,2018-09-10 16:32:00,60000,60000
100,3954203,2018-09-18 21:26:00,1,60000,64000,2018-09-11 11:54:00,57500,57500
101,3954203,2018-09-18 21:26:00,1,60500,57500,2018-09-17 22:59:00,57500,57500
102,3954203,2018-09-18 21:26:00,1,64000,60500,2018-09-15 03:49:00,57500,57500
103,3954203,2018-09-18 21:26:00,1,68800,60000,2018-09-10 16:32:00,57500,57500
104,4085861,2018-09-11 06:53:00,1,53500,52000,2018-09-17 22:59:00,60000,60000
105,4085861,2018-09-11 06:53:00,1,53500,67000,2018-09-12 03:51:00,60000,60000
106,4085861,2018-09-11 06:53:00,1,58000,53500,2018-09-17 03:35:00,60000,60000
107,4085861,2018-09-11 06:53:00,1,60000,53500,2018-09-11 08:51:00,60000,60000
108,4085861,2018-09-11 06:53:00,1,62500,58000,2018-09-15 03:51:00,60000,60000
109,4085861,2018-09-11 06:53:00,1,67000,62500,2018-09-13 06:43:00,60000,60000
110,4085861,2018-09-11 08:24:00,1,53500,52000,2018-09-17 22:59:00,60000,60000
111,4085861,2018-09-11 08:24:00,1,53500,67000,2018-09-12 03:51:00,60000,60000
112,4085861,2018-09-11 08:24:00,1,58000,53500,2018-09-17 03:35:00,60000,60000
113,4085861,2018-09-11 08:24:00,1,60000,53500,2018-09-11 08:51:00,60000,60000
114,4085861,2018-09-11 08:24:00,1,62500,58000,2018-09-15 03:51:00,60000,60000
115,4085861,2018-09-11 08:24:00,1,67000,62500,2018-09-13 06:43:00,60000,60000
116,4085861,2018-09-11 06:26:00,1,53500,52000,2018-09-17 22:59:00,60000,60000
117,4085861,2018-09-11 06:26:00,1,53500,67000,2018-09-12 03:51:00,60000,60000
118,4085861,2018-09-11 06:26:00,1,58000,53500,2018-09-17 03:35:00,60000,60000
119,4085861,2018-09-11 06:26:00,1,60000,53500,2018-09-11 08:51:00,60000,60000
120,4085861,2018-09-11 06:26:00,1,62500,58000,2018-09-15 03:51:00,60000,60000
121,4085861,2018-09-11 06:26:00,1,67000,62500,2018-09-13 06:43:00,60000,60000
122,4085861,2018-09-16 11:23:00,1,53500,52000,2018-09-17 22:59:00,58000,58000
123,4085861,2018-09-16 11:23:00,1,53500,67000,2018-09-12 03:51:00,58000,58000
124,4085861,2018-09-16 11:23:00,1,58000,53500,2018-09-17 03:35:00,58000,58000
125,4085861,2018-09-16 11:23:00,1,60000,53500,2018-09-11 08:51:00,58000,58000
126,4085861,2018-09-16 11:23:00,1,62500,58000,2018-09-15 03:51:00,58000,58000
127,4085861,2018-09-16 11:23:00,1,67000,62500,2018-09-13 06:43:00,58000,58000
128,4085861,2018-09-15 11:59:00,1,53500,52000,2018-09-17 22:59:00,58000,58000
129,4085861,2018-09-15 11:59:00,1,53500,67000,2018-09-12 03:51:00,58000,58000
130,4085861,2018-09-15 11:59:00,1,58000,53500,2018-09-17 03:35:00,58000,58000
131,4085861,2018-09-15 11:59:00,1,60000,53500,2018-09-11 08:51:00,58000,58000
132,4085861,2018-09-15 11:59:00,1,62500,58000,2018-09-15 03:51:00,58000,58000
133,4085861,2018-09-15 11:59:00,1,67000,62500,2018-09-13 06:43:00,58000,58000
134,4085861,2018-09-16 18:35:00,1,53500,52000,2018-09-17 22:59:00,58000,58000
135,4085861,2018-09-16 18:35:00,1,53500,67000,2018-09-12 03:51:00,58000,58000
136,4085861,2018-09-16 18:35:00,1,58000,53500,2018-09-17 03:35:00,58000,58000
137,4085861,2018-09-16 18:35:00,1,60000,53500,2018-09-11 08:51:00,58000,58000
138,4085861,2018-09-16 18:35:00,1,62500,58000,2018-09-15 03:51:00,58000,58000
139,4085861,2018-09-16 18:35:00,1,67000,62500,2018-09-13 06:43:00,58000,58000
140,4085861,2018-09-16 09:58:00,2,53500,52000,2018-09-17 22:59:00,58000,116000
141,4085861,2018-09-16 09:58:00,2,53500,67000,2018-09-12 03:51:00,58000,116000
142,4085861,2018-09-16 09:58:00,2,58000,53500,2018-09-17 03:35:00,58000,116000
143,4085861,2018-09-16 09:58:00,2,60000,53500,2018-09-11 08:51:00,58000,116000
144,4085861,2018-09-16 09:58:00,2,62500,58000,2018-09-15 03:51:00,58000,116000
145,4085861,2018-09-16 09:58:00,2,67000,62500,2018-09-13 06:43:00,58000,116000
146,4085861,2018-09-15 08:28:00,1,53500,52000,2018-09-17 22:59:00,58000,58000
147,4085861,2018-09-15 08:28:00,1,53500,67000,2018-09-12 03:51:00,58000,58000
148,4085861,2018-09-15 08:28:00,1,58000,53500,2018-09-17 03:35:00,58000,58000
149,4085861,2018-09-15 08:28:00,1,60000,53500,2018-09-11 08:51:00,58000,58000
150,4085861,2018-09-15 08:28:00,1,62500,58000,2018-09-15 03:51:00,58000,58000
151,4085861,2018-09-15 08:28:00,1,67000,62500,2018-09-13 06:43:00,58000,58000
152,4085861,2018-09-15 11:22:00,1,53500,52000,2018-09-17 22:59:00,58000,58000
153,4085861,2018-09-15 11:22:00,1,53500,67000,2018-09-12 03:51:00,58000,58000
154,4085861,2018-09-15 11:22:00,1,58000,53500,2018-09-17 03:35:00,58000,58000
155,4085861,2018-09-15 11:22:00,1,60000,53500,2018-09-11 08:51:00,58000,58000
156,4085861,2018-09-15 11:22:00,1,62500,58000,2018-09-15 03:51:00,58000,58000
157,4085861,2018-09-15 11:22:00,1,67000,62500,2018-09-13 06:43:00,58000,58000
158,4085861,2018-09-15 17:40:00,1,53500,52000,2018-09-17 22:59:00,58000,58000
159,4085861,2018-09-15 17:40:00,1,53500,67000,2018-09-12 03:51:00,58000,58000
160,4085861,2018-09-15 17:40:00,1,58000,53500,2018-09-17 03:35:00,58000,58000
161,4085861,2018-09-15 17:40:00,1,60000,53500,2018-09-11 08:51:00,58000,58000
162,4085861,2018-09-15 17:40:00,1,62500,58000,2018-09-15 03:51:00,58000,58000
163,4085861,2018-09-15 17:40:00,1,67000,62500,2018-09-13 06:43:00,58000,58000
164,4085861,2018-09-16 16:56:00,1,53500,52000,2018-09-17 22:59:00,58000,58000
165,4085861,2018-09-16 16:56:00,1,53500,67000,2018-09-12 03:51:00,58000,58000
166,4085861,2018-09-16 16:56:00,1,58000,53500,2018-09-17 03:35:00,58000,58000
167,4085861,2018-09-16 16:56:00,1,60000,53500,2018-09-11 08:51:00,58000,58000
168,4085861,2018-09-16 16:56:00,1,62500,58000,2018-09-15 03:51:00,58000,58000
169,4085861,2018-09-16 16:56:00,1,67000,62500,2018-09-13 06:43:00,58000,58000
170,4085861,2018-09-16 19:25:00,1,53500,52000,2018-09-17 22:59:00,58000,58000
171,4085861,2018-09-16 19:25:00,1,53500,67000,2018-09-12 03:51:00,58000,58000
172,4085861,2018-09-16 19:25:00,1,58000,53500,2018-09-17 03:35:00,58000,58000
173,4085861,2018-09-16 19:25:00,1,60000,53500,2018-09-11 08:51:00,58000,58000
174,4085861,2018-09-16 19:25:00,1,62500,58000,2018-09-15 03:51:00,58000,58000
175,4085861,2018-09-16 19:25:00,1,67000,62500,2018-09-13 06:43:00,58000,58000
176,4085861,2018-09-15 13:10:00,1,53500,52000,2018-09-17 22:59:00,58000,58000
177,4085861,2018-09-15 13:10:00,1,53500,67000,2018-09-12 03:51:00,58000,58000
178,4085861,2018-09-15 13:10:00,1,58000,53500,2018-09-17 03:35:00,58000,58000
179,4085861,2018-09-15 13:10:00,1,60000,53500,2018-09-11 08:51:00,58000,58000
180,4085861,2018-09-15 13:10:00,1,62500,58000,2018-09-15 03:51:00,58000,58000
181,4085861,2018-09-15 13:10:00,1,67000,62500,2018-09-13 06:43:00,58000,58000
182,4085861,2018-09-16 23:19:00,1,53500,52000,2018-09-17 22:59:00,58000,58000
183,4085861,2018-09-16 23:19:00,1,53500,67000,2018-09-12 03:51:00,58000,58000
184,4085861,2018-09-16 23:19:00,1,58000,53500,2018-09-17 03:35:00,58000,58000
185,4085861,2018-09-16 23:19:00,1,60000,53500,2018-09-11 08:51:00,58000,58000
186,4085861,2018-09-16 23:19:00,1,62500,58000,2018-09-15 03:51:00,58000,58000
187,4085861,2018-09-16 23:19:00,1,67000,62500,2018-09-13 06:43:00,58000,58000
188,4085861,2018-09-16 03:01:00,1,53500,52000,2018-09-17 22:59:00,58000,58000
189,4085861,2018-09-16 03:01:00,1,53500,67000,2018-09-12 03:51:00,58000,58000
190,4085861,2018-09-16 03:01:00,1,58000,53500,2018-09-17 03:35:00,58000,58000
191,4085861,2018-09-16 03:01:00,1,60000,53500,2018-09-11 08:51:00,58000,58000
192,4085861,2018-09-16 03:01:00,1,62500,58000,2018-09-15 03:51:00,58000,58000
193,4085861,2018-09-16 03:01:00,1,67000,62500,2018-09-13 06:43:00,58000,58000
194,4085861,2018-09-15 22:10:00,1,53500,52000,2018-09-17 22:59:00,58000,58000
195,4085861,2018-09-15 22:10:00,1,53500,67000,2018-09-12 03:51:00,58000,58000
196,4085861,2018-09-15 22:10:00,1,58000,53500,2018-09-17 03:35:00,58000,58000
197,4085861,2018-09-15 22:10:00,1,60000,53500,2018-09-11 08:51:00,58000,58000
198,4085861,2018-09-15 22:10:00,1,62500,58000,2018-09-15 03:51:00,58000,58000
199,4085861,2018-09-15 22:10:00,1,67000,62500,2018-09-13 06:43:00,58000,58000
200,4085861,2018-09-16 07:42:00,1,53500,52000,2018-09-17 22:59:00,58000,58000
201,4085861,2018-09-16 07:42:00,1,53500,67000,2018-09-12 03:51:00,58000,58000
202,4085861,2018-09-16 07:42:00,1,58000,53500,2018-09-17 03:35:00,58000,58000
203,4085861,2018-09-16 07:42:00,1,60000,53500,2018-09-11 08:51:00,58000,58000
204,4085861,2018-09-16 07:42:00,1,62500,58000,2018-09-15 03:51:00,58000,58000
205,4085861,2018-09-16 07:42:00,1,67000,62500,2018-09-13 06:43:00,58000,58000
206,4085861,2018-09-16 15:54:00,1,53500,52000,2018-09-17 22:59:00,58000,58000
207,4085861,2018-09-16 15:54:00,1,53500,67000,2018-09-12 03:51:00,58000,58000
208,4085861,2018-09-16 15:54:00,1,58000,53500,2018-09-17 03:35:00,58000,58000
209,4085861,2018-09-16 15:54:00,1,60000,53500,2018-09-11 08:51:00,58000,58000
210,4085861,2018-09-16 15:54:00,1,62500,58000,2018-09-15 03:51:00,58000,58000
211,4085861,2018-09-16 15:54:00,1,67000,62500,2018-09-13 06:43:00,58000,58000
212,4085861,2018-09-16 18:25:00,1,53500,52000,2018-09-17 22:59:00,58000,58000
213,4085861,2018-09-16 18:25:00,1,53500,67000,2018-09-12 03:51:00,58000,58000
214,4085861,2018-09-16 18:25:00,1,58000,53500,2018-09-17 03:35:00,58000,58000
215,4085861,2018-09-16 18:25:00,1,60000,53500,2018-09-11 08:51:00,58000,58000
216,4085861,2018-09-16 18:25:00,1,62500,58000,2018-09-15 03:51:00,58000,58000
217,4085861,2018-09-16 18:25:00,1,67000,62500,2018-09-13 06:43:00,58000,58000
218,4085861,2018-09-16 22:48:00,1,53500,52000,2018-09-17 22:59:00,58000,58000
219,4085861,2018-09-16 22:48:00,1,53500,67000,2018-09-12 03:51:00,58000,58000
220,4085861,2018-09-16 22:48:00,1,58000,53500,2018-09-17 03:35:00,58000,58000
221,4085861,2018-09-16 22:48:00,1,60000,53500,2018-09-11 08:51:00,58000,58000
222,4085861,2018-09-16 22:48:00,1,62500,58000,2018-09-15 03:51:00,58000,58000
223,4085861,2018-09-16 22:48:00,1,67000,62500,2018-09-13 06:43:00,58000,58000
224,4085861,2018-09-15 19:35:00,1,53500,52000,2018-09-17 22:59:00,58000,58000
225,4085861,2018-09-15 19:35:00,1,53500,67000,2018-09-12 03:51:00,58000,58000
226,4085861,2018-09-15 19:35:00,1,58000,53500,2018-09-17 03:35:00,58000,58000
227,4085861,2018-09-15 19:35:00,1,60000,53500,2018-09-11 08:51:00,58000,58000
228,4085861,2018-09-15 19:35:00,1,62500,58000,2018-09-15 03:51:00,58000,58000
229,4085861,2018-09-15 19:35:00,1,67000,62500,2018-09-13 06:43:00,58000,58000
230,4085861,2018-09-15 16:25:00,1,53500,52000,2018-09-17 22:59:00,58000,58000
231,4085861,2018-09-15 16:25:00,1,53500,67000,2018-09-12 03:51:00,58000,58000
232,4085861,2018-09-15 16:25:00,1,58000,53500,2018-09-17 03:35:00,58000,58000
233,4085861,2018-09-15 16:25:00,1,60000,53500,2018-09-11 08:51:00,58000,58000
234,4085861,2018-09-15 16:25:00,1,62500,58000,2018-09-15 03:51:00,58000,58000
235,4085861,2018-09-15 16:25:00,1,67000,62500,2018-09-13 06:43:00,58000,58000
236,4085861,2018-09-16 16:55:00,1,53500,52000,2018-09-17 22:59:00,58000,58000
237,4085861,2018-09-16 16:55:00,1,53500,67000,2018-09-12 03:51:00,58000,58000
238,4085861,2018-09-16 16:55:00,1,58000,53500,2018-09-17 03:35:00,58000,58000
239,4085861,2018-09-16 16:55:00,1,60000,53500,2018-09-11 08:51:00,58000,58000
240,4085861,2018-09-16 16:55:00,1,62500,58000,2018-09-15 03:51:00,58000,58000
241,4085861,2018-09-16 16:55:00,1,67000,62500,2018-09-13 06:43:00,58000,58000
242,4085861,2018-09-16 21:25:00,1,53500,52000,2018-09-17 22:59:00,58000,58000
243,4085861,2018-09-16 21:25:00,1,53500,67000,2018-09-12 03:51:00,58000,58000
244,4085861,2018-09-16 21:25:00,1,58000,53500,2018-09-17 03:35:00,58000,58000
245,4085861,2018-09-16 21:25:00,1,60000,53500,2018-09-11 08:51:00,58000,58000
246,4085861,2018-09-16 21:25:00,1,62500,58000,2018-09-15 03:51:00,58000,58000
247,4085861,2018-09-16 21:25:00,1,67000,62500,2018-09-13 06:43:00,58000,58000
248,4085861,2018-09-16 09:31:00,1,53500,52000,2018-09-17 22:59:00,58000,58000
249,4085861,2018-09-16 09:31:00,1,53500,67000,2018-09-12 03:51:00,58000,58000
250,4085861,2018-09-16 09:31:00,1,58000,53500,2018-09-17 03:35:00,58000,58000
251,4085861,2018-09-16 09:31:00,1,60000,53500,2018-09-11 08:51:00,58000,58000
252,4085861,2018-09-16 09:31:00,1,62500,58000,2018-09-15 03:51:00,58000,58000
253,4085861,2018-09-16 09:31:00,1,67000,62500,2018-09-13 06:43:00,58000,58000
254,4085861,2018-09-16 15:32:00,1,53500,52000,2018-09-17 22:59:00,58000,58000
255,4085861,2018-09-16 15:32:00,1,53500,67000,2018-09-12 03:51:00,58000,58000
256,4085861,2018-09-16 15:32:00,1,58000,53500,2018-09-17 03:35:00,58000,58000
257,4085861,2018-09-16 15:32:00,1,60000,53500,2018-09-11 08:51:00,58000,58000
258,4085861,2018-09-16 15:32:00,1,62500,58000,2018-09-15 03:51:00,58000,58000
259,4085861,2018-09-16 15:32:00,1,67000,62500,2018-09-13 06:43:00,58000,58000
260,4085861,2018-09-15 18:08:00,1,53500,52000,2018-09-17 22:59:00,58000,58000
261,4085861,2018-09-15 18:08:00,1,53500,67000,2018-09-12 03:51:00,58000,58000
262,4085861,2018-09-15 18:08:00,1,58000,53500,2018-09-17 03:35:00,58000,58000
263,4085861,2018-09-15 18:08:00,1,60000,53500,2018-09-11 08:51:00,58000,58000
264,4085861,2018-09-15 18:08:00,1,62500,58000,2018-09-15 03:51:00,58000,58000
265,4085861,2018-09-15 18:08:00,1,67000,62500,2018-09-13 06:43:00,58000,58000
266,4085861,2018-09-16 22:36:00,1,53500,52000,2018-09-17 22:59:00,58000,58000
267,4085861,2018-09-16 22:36:00,1,53500,67000,2018-09-12 03:51:00,58000,58000
268,4085861,2018-09-16 22:36:00,1,58000,53500,2018-09-17 03:35:00,58000,58000
269,4085861,2018-09-16 22:36:00,1,60000,53500,2018-09-11 08:51:00,58000,58000
270,4085861,2018-09-16 22:36:00,1,62500,58000,2018-09-15 03:51:00,58000,58000
271,4085861,2018-09-16 22:36:00,1,67000,62500,2018-09-13 06:43:00,58000,58000
272,4085861,2018-09-15 21:37:00,1,53500,52000,2018-09-17 22:59:00,58000,58000
273,4085861,2018-09-15 21:37:00,1,53500,67000,2018-09-12 03:51:00,58000,58000
274,4085861,2018-09-15 21:37:00,1,58000,53500,2018-09-17 03:35:00,58000,58000
275,4085861,2018-09-15 21:37:00,1,60000,53500,2018-09-11 08:51:00,58000,58000
276,4085861,2018-09-15 21:37:00,1,62500,58000,2018-09-15 03:51:00,58000,58000
277,4085861,2018-09-15 21:37:00,1,67000,62500,2018-09-13 06:43:00,58000,58000
278,4085861,2018-09-15 18:13:00,1,53500,52000,2018-09-17 22:59:00,58000,58000
279,4085861,2018-09-15 18:13:00,1,53500,67000,2018-09-12 03:51:00,58000,58000
280,4085861,2018-09-15 18:13:00,1,58000,53500,2018-09-17 03:35:00,58000,58000
281,4085861,2018-09-15 18:13:00,1,60000,53500,2018-09-11 08:51:00,58000,58000
282,4085861,2018-09-15 18:13:00,1,62500,58000,2018-09-15 03:51:00,58000,58000
283,4085861,2018-09-15 18:13:00,1,67000,62500,2018-09-13 06:43:00,58000,58000
284,4085861,2018-09-15 14:14:00,1,53500,52000,2018-09-17 22:59:00,58000,58000
285,4085861,2018-09-15 14:14:00,1,53500,67000,2018-09-12 03:51:00,58000,58000
286,4085861,2018-09-15 14:14:00,1,58000,53500,2018-09-17 03:35:00,58000,58000
287,4085861,2018-09-15 14:14:00,1,60000,53500,2018-09-11 08:51:00,58000,58000
288,4085861,2018-09-15 14:14:00,1,62500,58000,2018-09-15 03:51:00,58000,58000
289,4085861,2018-09-15 14:14:00,1,67000,62500,2018-09-13 06:43:00,58000,58000
290,4085861,2018-09-15 11:52:00,1,53500,52000,2018-09-17 22:59:00,58000,58000
291,4085861,2018-09-15 11:52:00,1,53500,67000,2018-09-12 03:51:00,58000,58000
292,4085861,2018-09-15 11:52:00,1,58000,53500,2018-09-17 03:35:00,58000,58000
293,4085861,2018-09-15 11:52:00,1,60000,53500,2018-09-11 08:51:00,58000,58000
294,4085861,2018-09-15 11:52:00,1,62500,58000,2018-09-15 03:51:00,58000,58000
295,4085861,2018-09-15 11:52:00,1,67000,62500,2018-09-13 06:43:00,58000,58000
296,4085861,2018-09-15 21:44:00,1,53500,52000,2018-09-17 22:59:00,58000,58000
297,4085861,2018-09-15 21:44:00,1,53500,67000,2018-09-12 03:51:00,58000,58000
298,4085861,2018-09-15 21:44:00,1,58000,53500,2018-09-17 03:35:00,58000,58000
299,4085861,2018-09-15 21:44:00,1,60000,53500,2018-09-11 08:51:00,58000,58000
300,4085861,2018-09-15 21:44:00,1,62500,58000,2018-09-15 03:51:00,58000,58000
301,4085861,2018-09-15 21:44:00,1,67000,62500,2018-09-13 06:43:00,58000,58000
302,4085861,2018-09-16 13:36:00,1,53500,52000,2018-09-17 22:59:00,58000,58000
303,4085861,2018-09-16 13:36:00,1,53500,67000,2018-09-12 03:51:00,58000,58000
304,4085861,2018-09-16 13:36:00,1,58000,53500,2018-09-17 03:35:00,58000,58000
305,4085861,2018-09-16 13:36:00,1,60000,53500,2018-09-11 08:51:00,58000,58000
306,4085861,2018-09-16 13:36:00,1,62500,58000,2018-09-15 03:51:00,58000,58000
307,4085861,2018-09-16 13:36:00,1,67000,62500,2018-09-13 06:43:00,58000,58000
308,4085861,2018-09-15 07:56:00,1,53500,52000,2018-09-17 22:59:00,58000,58000
309,4085861,2018-09-15 07:56:00,1,53500,67000,2018-09-12 03:51:00,58000,58000
310,4085861,2018-09-15 07:56:00,1,58000,53500,2018-09-17 03:35:00,58000,58000
311,4085861,2018-09-15 07:56:00,1,60000,53500,2018-09-11 08:51:00,58000,58000
312,4085861,2018-09-15 07:56:00,1,62500,58000,2018-09-15 03:51:00,58000,58000
313,4085861,2018-09-15 07:56:00,1,67000,62500,2018-09-13 06:43:00,58000,58000
314,4085861,2018-09-15 11:53:00,1,53500,52000,2018-09-17 22:59:00,58000,58000
315,4085861,2018-09-15 11:53:00,1,53500,67000,2018-09-12 03:51:00,58000,58000
316,4085861,2018-09-15 11:53:00,1,58000,53500,2018-09-17 03:35:00,58000,58000
317,4085861,2018-09-15 11:53:00,1,60000,53500,2018-09-11 08:51:00,58000,58000
318,4085861,2018-09-15 11:53:00,1,62500,58000,2018-09-15 03:51:00,58000,58000
319,4085861,2018-09-15 11:53:00,1,67000,62500,2018-09-13 06:43:00,58000,58000
320,4085861,2018-09-17 01:46:00,1,53500,52000,2018-09-17 22:59:00,58000,58000
321,4085861,2018-09-17 01:46:00,1,53500,67000,2018-09-12 03:51:00,58000,58000
322,4085861,2018-09-17 01:46:00,1,58000,53500,2018-09-17 03:35:00,58000,58000
323,4085861,2018-09-17 01:46:00,1,60000,53500,2018-09-11 08:51:00,58000,58000
324,4085861,2018-09-17 01:46:00,1,62500,58000,2018-09-15 03:51:00,58000,58000
325,4085861,2018-09-17 01:46:00,1,67000,62500,2018-09-13 06:43:00,58000,58000
326,4085861,2018-09-15 08:18:00,1,53500,52000,2018-09-17 22:59:00,58000,58000
327,4085861,2018-09-15 08:18:00,1,53500,67000,2018-09-12 03:51:00,58000,58000
328,4085861,2018-09-15 08:18:00,1,58000,53500,2018-09-17 03:35:00,58000,58000
329,4085861,2018-09-15 08:18:00,1,60000,53500,2018-09-11 08:51:00,58000,58000
330,4085861,2018-09-15 08:18:00,1,62500,58000,2018-09-15 03:51:00,58000,58000
331,4085861,2018-09-15 08:18:00,1,67000,62500,2018-09-13 06:43:00,58000,58000
332,4085861,2018-09-16 20:40:00,1,53500,52000,2018-09-17 22:59:00,58000,58000
333,4085861,2018-09-16 20:40:00,1,53500,67000,2018-09-12 03:51:00,58000,58000
334,4085861,2018-09-16 20:40:00,1,58000,53500,2018-09-17 03:35:00,58000,58000
335,4085861,2018-09-16 20:40:00,1,60000,53500,2018-09-11 08:51:00,58000,58000
336,4085861,2018-09-16 20:40:00,1,62500,58000,2018-09-15 03:51:00,58000,58000
337,4085861,2018-09-16 20:40:00,1,67000,62500,2018-09-13 06:43:00,58000,58000
338,4085861,2018-09-15 21:05:00,1,53500,52000,2018-09-17 22:59:00,58000,58000
339,4085861,2018-09-15 21:05:00,1,53500,67000,2018-09-12 03:51:00,58000,58000
340,4085861,2018-09-15 21:05:00,1,58000,53500,2018-09-17 03:35:00,58000,58000
341,4085861,2018-09-15 21:05:00,1,60000,53500,2018-09-11 08:51:00,58000,58000
342,4085861,2018-09-15 21:05:00,1,62500,58000,2018-09-15 03:51:00,58000,58000
343,4085861,2018-09-15 21:05:00,1,67000,62500,2018-09-13 06:43:00,58000,58000
344,4085861,2018-09-18 14:40:00,1,53500,52000,2018-09-17 22:59:00,52000,52000
345,4085861,2018-09-18 14:40:00,1,53500,67000,2018-09-12 03:51:00,52000,52000
346,4085861,2018-09-18 14:40:00,1,58000,53500,2018-09-17 03:35:00,52000,52000
347,4085861,2018-09-18 14:40:00,1,60000,53500,2018-09-11 08:51:00,52000,52000
348,4085861,2018-09-18 14:40:00,1,62500,58000,2018-09-15 03:51:00,52000,52000
349,4085861,2018-09-18 14:40:00,1,67000,62500,2018-09-13 06:43:00,52000,52000
350,4085861,2018-09-18 20:23:00,1,53500,52000,2018-09-17 22:59:00,52000,52000
351,4085861,2018-09-18 20:23:00,1,53500,67000,2018-09-12 03:51:00,52000,52000
352,4085861,2018-09-18 20:23:00,1,58000,53500,2018-09-17 03:35:00,52000,52000
353,4085861,2018-09-18 20:23:00,1,60000,53500,2018-09-11 08:51:00,52000,52000
354,4085861,2018-09-18 20:23:00,1,62500,58000,2018-09-15 03:51:00,52000,52000
355,4085861,2018-09-18 20:23:00,1,67000,62500,2018-09-13 06:43:00,52000,52000
356,4085861,2018-09-18 06:53:00,1,53500,52000,2018-09-17 22:59:00,52000,52000
357,4085861,2018-09-18 06:53:00,1,53500,67000,2018-09-12 03:51:00,52000,52000
358,4085861,2018-09-18 06:53:00,1,58000,53500,2018-09-17 03:35:00,52000,52000
359,4085861,2018-09-18 06:53:00,1,60000,53500,2018-09-11 08:51:00,52000,52000
360,4085861,2018-09-18 06:53:00,1,62500,58000,2018-09-15 03:51:00,52000,52000
361,4085861,2018-09-18 06:53:00,1,67000,62500,2018-09-13 06:43:00,52000,52000
362,4085861,2018-09-18 06:47:00,1,53500,52000,2018-09-17 22:59:00,52000,52000
363,4085861,2018-09-18 06:47:00,1,53500,67000,2018-09-12 03:51:00,52000,52000
364,4085861,2018-09-18 06:47:00,1,58000,53500,2018-09-17 03:35:00,52000,52000
365,4085861,2018-09-18 06:47:00,1,60000,53500,2018-09-11 08:51:00,52000,52000
366,4085861,2018-09-18 06:47:00,1,62500,58000,2018-09-15 03:51:00,52000,52000
367,4085861,2018-09-18 06:47:00,1,67000,62500,2018-09-13 06:43:00,52000,52000
368,4085861,2018-09-18 08:29:00,1,53500,52000,2018-09-17 22:59:00,52000,52000
369,4085861,2018-09-18 08:29:00,1,53500,67000,2018-09-12 03:51:00,52000,52000
370,4085861,2018-09-18 08:29:00,1,58000,53500,2018-09-17 03:35:00,52000,52000
371,4085861,2018-09-18 08:29:00,1,60000,53500,2018-09-11 08:51:00,52000,52000
372,4085861,2018-09-18 08:29:00,1,62500,58000,2018-09-15 03:51:00,52000,52000
373,4085861,2018-09-18 08:29:00,1,67000,62500,2018-09-13 06:43:00,52000,52000
374,4085861,2018-09-18 10:17:00,1,53500,52000,2018-09-17 22:59:00,52000,52000
375,4085861,2018-09-18 10:17:00,1,53500,67000,2018-09-12 03:51:00,52000,52000
376,4085861,2018-09-18 10:17:00,1,58000,53500,2018-09-17 03:35:00,52000,52000
377,4085861,2018-09-18 10:17:00,1,60000,53500,2018-09-11 08:51:00,52000,52000
378,4085861,2018-09-18 10:17:00,1,62500,58000,2018-09-15 03:51:00,52000,52000
379,4085861,2018-09-18 10:17:00,1,67000,62500,2018-09-13 06:43:00,52000,52000
380,4085861,2018-09-18 15:25:00,1,53500,52000,2018-09-17 22:59:00,52000,52000
381,4085861,2018-09-18 15:25:00,1,53500,67000,2018-09-12 03:51:00,52000,52000
382,4085861,2018-09-18 15:25:00,1,58000,53500,2018-09-17 03:35:00,52000,52000
383,4085861,2018-09-18 15:25:00,1,60000,53500,2018-09-11 08:51:00,52000,52000
384,4085861,2018-09-18 15:25:00,1,62500,58000,2018-09-15 03:51:00,52000,52000
385,4085861,2018-09-18 15:25:00,1,67000,62500,2018-09-13 06:43:00,52000,52000
386,4085861,2018-09-18 12:24:00,1,53500,52000,2018-09-17 22:59:00,52000,52000
387,4085861,2018-09-18 12:24:00,1,53500,67000,2018-09-12 03:51:00,52000,52000
388,4085861,2018-09-18 12:24:00,1,58000,53500,2018-09-17 03:35:00,52000,52000
389,4085861,2018-09-18 12:24:00,1,60000,53500,2018-09-11 08:51:00,52000,52000
390,4085861,2018-09-18 12:24:00,1,62500,58000,2018-09-15 03:51:00,52000,52000
391,4085861,2018-09-18 12:24:00,1,67000,62500,2018-09-13 06:43:00,52000,52000
392,4085861,2018-09-18 07:01:00,1,53500,52000,2018-09-17 22:59:00,52000,52000
393,4085861,2018-09-18 07:01:00,1,53500,67000,2018-09-12 03:51:00,52000,52000
394,4085861,2018-09-18 07:01:00,1,58000,53500,2018-09-17 03:35:00,52000,52000
395,4085861,2018-09-18 07:01:00,1,60000,53500,2018-09-11 08:51:00,52000,52000
396,4085861,2018-09-18 07:01:00,1,62500,58000,2018-09-15 03:51:00,52000,52000
397,4085861,2018-09-18 07:01:00,1,67000,62500,2018-09-13 06:43:00,52000,52000
398,4085861,2018-09-18 18:52:00,1,53500,52000,2018-09-17 22:59:00,52000,52000
399,4085861,2018-09-18 18:52:00,1,53500,67000,2018-09-12 03:51:00,52000,52000
400,4085861,2018-09-18 18:52:00,1,58000,53500,2018-09-17 03:35:00,52000,52000
401,4085861,2018-09-18 18:52:00,1,60000,53500,2018-09-11 08:51:00,52000,52000
402,4085861,2018-09-18 18:52:00,1,62500,58000,2018-09-15 03:51:00,52000,52000
403,4085861,2018-09-18 18:52:00,1,67000,62500,2018-09-13 06:43:00,52000,52000
404,4085861,2018-09-18 10:34:00,1,53500,52000,2018-09-17 22:59:00,52000,52000
405,4085861,2018-09-18 10:34:00,1,53500,67000,2018-09-12 03:51:00,52000,52000
406,4085861,2018-09-18 10:34:00,1,58000,53500,2018-09-17 03:35:00,52000,52000
407,4085861,2018-09-18 10:34:00,1,60000,53500,2018-09-11 08:51:00,52000,52000
408,4085861,2018-09-18 10:34:00,1,62500,58000,2018-09-15 03:51:00,52000,52000
409,4085861,2018-09-18 10:34:00,1,67000,62500,2018-09-13 06:43:00,52000,52000
410,4085861,2018-09-18 20:43:00,1,53500,52000,2018-09-17 22:59:00,52000,52000
411,4085861,2018-09-18 20:43:00,1,53500,67000,2018-09-12 03:51:00,52000,52000
412,4085861,2018-09-18 20:43:00,1,58000,53500,2018-09-17 03:35:00,52000,52000
413,4085861,2018-09-18 20:43:00,1,60000,53500,2018-09-11 08:51:00,52000,52000
414,4085861,2018-09-18 20:43:00,1,62500,58000,2018-09-15 03:51:00,52000,52000
415,4085861,2018-09-18 20:43:00,1,67000,62500,2018-09-13 06:43:00,52000,52000
416,4085861,2018-09-18 14:46:00,1,53500,52000,2018-09-17 22:59:00,52000,52000
417,4085861,2018-09-18 14:46:00,1,53500,67000,2018-09-12 03:51:00,52000,52000
418,4085861,2018-09-18 14:46:00,1,58000,53500,2018-09-17 03:35:00,52000,52000
419,4085861,2018-09-18 14:46:00,1,60000,53500,2018-09-11 08:51:00,52000,52000
420,4085861,2018-09-18 14:46:00,1,62500,58000,2018-09-15 03:51:00,52000,52000
421,4085861,2018-09-18 14:46:00,1,67000,62500,2018-09-13 06:43:00,52000,52000
422,4085861,2018-09-18 20:54:00,1,53500,52000,2018-09-17 22:59:00,52000,52000
423,4085861,2018-09-18 20:54:00,1,53500,67000,2018-09-12 03:51:00,52000,52000
424,4085861,2018-09-18 20:54:00,1,58000,53500,2018-09-17 03:35:00,52000,52000
425,4085861,2018-09-18 20:54:00,1,60000,53500,2018-09-11 08:51:00,52000,52000
426,4085861,2018-09-18 20:54:00,1,62500,58000,2018-09-15 03:51:00,52000,52000
427,4085861,2018-09-18 20:54:00,1,67000,62500,2018-09-13 06:43:00,52000,52000
428,4085861,2018-09-18 10:21:00,1,53500,52000,2018-09-17 22:59:00,52000,52000
429,4085861,2018-09-18 10:21:00,1,53500,67000,2018-09-12 03:51:00,52000,52000
430,4085861,2018-09-18 10:21:00,1,58000,53500,2018-09-17 03:35:00,52000,52000
431,4085861,2018-09-18 10:21:00,1,60000,53500,2018-09-11 08:51:00,52000,52000
432,4085861,2018-09-18 10:21:00,1,62500,58000,2018-09-15 03:51:00,52000,52000
433,4085861,2018-09-18 10:21:00,1,67000,62500,2018-09-13 06:43:00,52000,52000
434,4085861,2018-09-18 10:28:00,1,53500,52000,2018-09-17 22:59:00,52000,52000
435,4085861,2018-09-18 10:28:00,1,53500,67000,2018-09-12 03:51:00,52000,52000
436,4085861,2018-09-18 10:28:00,1,58000,53500,2018-09-17 03:35:00,52000,52000
437,4085861,2018-09-18 10:28:00,1,60000,53500,2018-09-11 08:51:00,52000,52000
438,4085861,2018-09-18 10:28:00,1,62500,58000,2018-09-15 03:51:00,52000,52000
439,4085861,2018-09-18 10:28:00,1,67000,62500,2018-09-13 06:43:00,52000,52000
440,4085861,2018-09-18 15:52:00,1,53500,52000,2018-09-17 22:59:00,52000,52000
441,4085861,2018-09-18 15:52:00,1,53500,67000,2018-09-12 03:51:00,52000,52000
442,4085861,2018-09-18 15:52:00,1,58000,53500,2018-09-17 03:35:00,52000,52000
443,4085861,2018-09-18 15:52:00,1,60000,53500,2018-09-11 08:51:00,52000,52000
444,4085861,2018-09-18 15:52:00,1,62500,58000,2018-09-15 03:51:00,52000,52000
445,4085861,2018-09-18 15:52:00,1,67000,62500,2018-09-13 06:43:00,52000,52000
446,4085861,2018-09-18 15:56:00,1,53500,52000,2018-09-17 22:59:00,52000,52000
447,4085861,2018-09-18 15:56:00,1,53500,67000,2018-09-12 03:51:00,52000,52000
448,4085861,2018-09-18 15:56:00,1,58000,53500,2018-09-17 03:35:00,52000,52000
449,4085861,2018-09-18 15:56:00,1,60000,53500,2018-09-11 08:51:00,52000,52000
450,4085861,2018-09-18 15:56:00,1,62500,58000,2018-09-15 03:51:00,52000,52000
451,4085861,2018-09-18 15:56:00,1,67000,62500,2018-09-13 06:43:00,52000,52000
452,4085861,2018-09-17 13:45:00,1,53500,52000,2018-09-17 22:59:00,53500,53500
453,4085861,2018-09-17 13:45:00,1,53500,67000,2018-09-12 03:51:00,53500,53500
454,4085861,2018-09-17 13:45:00,1,58000,53500,2018-09-17 03:35:00,53500,53500
455,4085861,2018-09-17 13:45:00,1,60000,53500,2018-09-11 08:51:00,53500,53500
456,4085861,2018-09-17 13:45:00,1,62500,58000,2018-09-15 03:51:00,53500,53500
457,4085861,2018-09-17 13:45:00,1,67000,62500,2018-09-13 06:43:00,53500,53500
458,4085861,2018-09-17 10:00:00,1,53500,52000,2018-09-17 22:59:00,53500,53500
459,4085861,2018-09-17 10:00:00,1,53500,67000,2018-09-12 03:51:00,53500,53500
460,4085861,2018-09-17 10:00:00,1,58000,53500,2018-09-17 03:35:00,53500,53500
461,4085861,2018-09-17 10:00:00,1,60000,53500,2018-09-11 08:51:00,53500,53500
462,4085861,2018-09-17 10:00:00,1,62500,58000,2018-09-15 03:51:00,53500,53500
463,4085861,2018-09-17 10:00:00,1,67000,62500,2018-09-13 06:43:00,53500,53500
464,4085861,2018-09-11 17:12:00,1,53500,52000,2018-09-17 22:59:00,53500,53500
465,4085861,2018-09-11 17:12:00,1,53500,67000,2018-09-12 03:51:00,53500,53500
466,4085861,2018-09-11 17:12:00,1,58000,53500,2018-09-17 03:35:00,53500,53500
467,4085861,2018-09-11 17:12:00,1,60000,53500,2018-09-11 08:51:00,53500,53500
468,4085861,2018-09-11 17:12:00,1,62500,58000,2018-09-15 03:51:00,53500,53500
469,4085861,2018-09-11 17:12:00,1,67000,62500,2018-09-13 06:43:00,53500,53500
470,4085861,2018-09-17 13:44:00,1,53500,52000,2018-09-17 22:59:00,53500,53500
471,4085861,2018-09-17 13:44:00,1,53500,67000,2018-09-12 03:51:00,53500,53500
472,4085861,2018-09-17 13:44:00,1,58000,53500,2018-09-17 03:35:00,53500,53500
473,4085861,2018-09-17 13:44:00,1,60000,53500,2018-09-11 08:51:00,53500,53500
474,4085861,2018-09-17 13:44:00,1,62500,58000,2018-09-15 03:51:00,53500,53500
475,4085861,2018-09-17 13:44:00,1,67000,62500,2018-09-13 06:43:00,53500,53500
476,4085861,2018-09-17 10:30:00,1,53500,52000,2018-09-17 22:59:00,53500,53500
477,4085861,2018-09-17 10:30:00,1,53500,67000,2018-09-12 03:51:00,53500,53500
478,4085861,2018-09-17 10:30:00,1,58000,53500,2018-09-17 03:35:00,53500,53500
479,4085861,2018-09-17 10:30:00,1,60000,53500,2018-09-11 08:51:00,53500,53500
480,4085861,2018-09-17 10:30:00,1,62500,58000,2018-09-15 03:51:00,53500,53500
481,4085861,2018-09-17 10:30:00,1,67000,62500,2018-09-13 06:43:00,53500,53500
482,4085861,2018-09-12 01:10:00,1,53500,52000,2018-09-17 22:59:00,53500,53500
483,4085861,2018-09-12 01:10:00,1,53500,67000,2018-09-12 03:51:00,53500,53500
484,4085861,2018-09-12 01:10:00,1,58000,53500,2018-09-17 03:35:00,53500,53500
485,4085861,2018-09-12 01:10:00,1,60000,53500,2018-09-11 08:51:00,53500,53500
486,4085861,2018-09-12 01:10:00,1,62500,58000,2018-09-15 03:51:00,53500,53500
487,4085861,2018-09-12 01:10:00,1,67000,62500,2018-09-13 06:43:00,53500,53500
488,4085861,2018-09-17 21:48:00,1,53500,52000,2018-09-17 22:59:00,53500,53500
489,4085861,2018-09-17 21:48:00,1,53500,67000,2018-09-12 03:51:00,53500,53500
490,4085861,2018-09-17 21:48:00,1,58000,53500,2018-09-17 03:35:00,53500,53500
491,4085861,2018-09-17 21:48:00,1,60000,53500,2018-09-11 08:51:00,53500,53500
492,4085861,2018-09-17 21:48:00,1,62500,58000,2018-09-15 03:51:00,53500,53500
493,4085861,2018-09-17 21:48:00,1,67000,62500,2018-09-13 06:43:00,53500,53500
494,4085861,2018-09-17 23:06:00,1,53500,52000,2018-09-17 22:59:00,52000,52000
495,4085861,2018-09-17 23:06:00,1,53500,67000,2018-09-12 03:51:00,52000,52000
496,4085861,2018-09-17 23:06:00,1,58000,53500,2018-09-17 03:35:00,52000,52000
497,4085861,2018-09-17 23:06:00,1,60000,53500,2018-09-11 08:51:00,52000,52000
498,4085861,2018-09-17 23:06:00,1,62500,58000,2018-09-15 03:51:00,52000,52000
499,4085861,2018-09-17 23:06:00,1,67000,62500,2018-09-13 06:43:00,52000,52000
500,4085861,2018-09-17 10:24:00,1,53500,52000,2018-09-17 22:59:00,53500,53500
501,4085861,2018-09-17 10:24:00,1,53500,67000,2018-09-12 03:51:00,53500,53500
502,4085861,2018-09-17 10:24:00,1,58000,53500,2018-09-17 03:35:00,53500,53500
503,4085861,2018-09-17 10:24:00,1,60000,53500,2018-09-11 08:51:00,53500,53500
504,4085861,2018-09-17 10:24:00,1,62500,58000,2018-09-15 03:51:00,53500,53500
505,4085861,2018-09-17 10:24:00,1,67000,62500,2018-09-13 06:43:00,53500,53500
506,4085861,2018-09-11 19:18:00,1,53500,52000,2018-09-17 22:59:00,53500,53500
507,4085861,2018-09-11 19:18:00,1,53500,67000,2018-09-12 03:51:00,53500,53500
508,4085861,2018-09-11 19:18:00,1,58000,53500,2018-09-17 03:35:00,53500,53500
509,4085861,2018-09-11 19:18:00,1,60000,53500,2018-09-11 08:51:00,53500,53500
510,4085861,2018-09-11 19:18:00,1,62500,58000,2018-09-15 03:51:00,53500,53500
511,4085861,2018-09-11 19:18:00,1,67000,62500,2018-09-13 06:43:00,53500,53500
512,4085861,2018-09-11 13:34:00,1,53500,52000,2018-09-17 22:59:00,53500,53500
513,4085861,2018-09-11 13:34:00,1,53500,67000,2018-09-12 03:51:00,53500,53500
514,4085861,2018-09-11 13:34:00,1,58000,53500,2018-09-17 03:35:00,53500,53500
515,4085861,2018-09-11 13:34:00,1,60000,53500,2018-09-11 08:51:00,53500,53500
516,4085861,2018-09-11 13:34:00,1,62500,58000,2018-09-15 03:51:00,53500,53500
517,4085861,2018-09-11 13:34:00,1,67000,62500,2018-09-13 06:43:00,53500,53500
518,4085861,2018-09-17 10:03:00,1,53500,52000,2018-09-17 22:59:00,53500,53500
519,4085861,2018-09-17 10:03:00,1,53500,67000,2018-09-12 03:51:00,53500,53500
520,4085861,2018-09-17 10:03:00,1,58000,53500,2018-09-17 03:35:00,53500,53500
521,4085861,2018-09-17 10:03:00,1,60000,53500,2018-09-11 08:51:00,53500,53500
522,4085861,2018-09-17 10:03:00,1,62500,58000,2018-09-15 03:51:00,53500,53500
523,4085861,2018-09-17 10:03:00,1,67000,62500,2018-09-13 06:43:00,53500,53500
524,4085861,2018-09-11 12:47:00,1,53500,52000,2018-09-17 22:59:00,53500,53500
525,4085861,2018-09-11 12:47:00,1,53500,67000,2018-09-12 03:51:00,53500,53500
526,4085861,2018-09-11 12:47:00,1,58000,53500,2018-09-17 03:35:00,53500,53500
527,4085861,2018-09-11 12:47:00,1,60000,53500,2018-09-11 08:51:00,53500,53500
528,4085861,2018-09-11 12:47:00,1,62500,58000,2018-09-15 03:51:00,53500,53500
529,4085861,2018-09-11 12:47:00,1,67000,62500,2018-09-13 06:43:00,53500,53500
530,4085861,2018-09-17 10:18:00,1,53500,52000,2018-09-17 22:59:00,53500,53500
531,4085861,2018-09-17 10:18:00,1,53500,67000,2018-09-12 03:51:00,53500,53500
532,4085861,2018-09-17 10:18:00,1,58000,53500,2018-09-17 03:35:00,53500,53500
533,4085861,2018-09-17 10:18:00,1,60000,53500,2018-09-11 08:51:00,53500,53500
534,4085861,2018-09-17 10:18:00,1,62500,58000,2018-09-15 03:51:00,53500,53500
535,4085861,2018-09-17 10:18:00,1,67000,62500,2018-09-13 06:43:00,53500,53500
536,4085861,2018-09-11 19:57:00,1,53500,52000,2018-09-17 22:59:00,53500,53500
537,4085861,2018-09-11 19:57:00,1,53500,67000,2018-09-12 03:51:00,53500,53500
538,4085861,2018-09-11 19:57:00,1,58000,53500,2018-09-17 03:35:00,53500,53500
539,4085861,2018-09-11 19:57:00,1,60000,53500,2018-09-11 08:51:00,53500,53500
540,4085861,2018-09-11 19:57:00,1,62500,58000,2018-09-15 03:51:00,53500,53500
541,4085861,2018-09-11 19:57:00,1,67000,62500,2018-09-13 06:43:00,53500,53500
542,4085861,2018-09-17 10:14:00,1,53500,52000,2018-09-17 22:59:00,53500,53500
543,4085861,2018-09-17 10:14:00,1,53500,67000,2018-09-12 03:51:00,53500,53500
544,4085861,2018-09-17 10:14:00,1,58000,53500,2018-09-17 03:35:00,53500,53500
545,4085861,2018-09-17 10:14:00,1,60000,53500,2018-09-11 08:51:00,53500,53500
546,4085861,2018-09-17 10:14:00,1,62500,58000,2018-09-15 03:51:00,53500,53500
547,4085861,2018-09-17 10:14:00,1,67000,62500,2018-09-13 06:43:00,53500,53500
548,4085861,2018-09-11 18:13:00,1,53500,52000,2018-09-17 22:59:00,53500,53500
549,4085861,2018-09-11 18:13:00,1,53500,67000,2018-09-12 03:51:00,53500,53500
550,4085861,2018-09-11 18:13:00,1,58000,53500,2018-09-17 03:35:00,53500,53500
551,4085861,2018-09-11 18:13:00,1,60000,53500,2018-09-11 08:51:00,53500,53500
552,4085861,2018-09-11 18:13:00,1,62500,58000,2018-09-15 03:51:00,53500,53500
553,4085861,2018-09-11 18:13:00,1,67000,62500,2018-09-13 06:43:00,53500,53500
554,4085861,2018-09-17 23:13:00,1,53500,52000,2018-09-17 22:59:00,52000,52000
555,4085861,2018-09-17 23:13:00,1,53500,67000,2018-09-12 03:51:00,52000,52000
556,4085861,2018-09-17 23:13:00,1,58000,53500,2018-09-17 03:35:00,52000,52000
557,4085861,2018-09-17 23:13:00,1,60000,53500,2018-09-11 08:51:00,52000,52000
558,4085861,2018-09-17 23:13:00,1,62500,58000,2018-09-15 03:51:00,52000,52000
559,4085861,2018-09-17 23:13:00,1,67000,62500,2018-09-13 06:43:00,52000,52000
560,4085861,2018-09-17 11:51:00,1,53500,52000,2018-09-17 22:59:00,53500,53500
561,4085861,2018-09-17 11:51:00,1,53500,67000,2018-09-12 03:51:00,53500,53500
562,4085861,2018-09-17 11:51:00,1,58000,53500,2018-09-17 03:35:00,53500,53500
563,4085861,2018-09-17 11:51:00,1,60000,53500,2018-09-11 08:51:00,53500,53500
564,4085861,2018-09-17 11:51:00,1,62500,58000,2018-09-15 03:51:00,53500,53500
565,4085861,2018-09-17 11:51:00,1,67000,62500,2018-09-13 06:43:00,53500,53500
566,4085861,2018-09-11 11:47:00,2,53500,52000,2018-09-17 22:59:00,53500,107000
567,4085861,2018-09-11 11:47:00,2,53500,67000,2018-09-12 03:51:00,53500,107000
568,4085861,2018-09-11 11:47:00,2,58000,53500,2018-09-17 03:35:00,53500,107000
569,4085861,2018-09-11 11:47:00,2,60000,53500,2018-09-11 08:51:00,53500,107000
570,4085861,2018-09-11 11:47:00,2,62500,58000,2018-09-15 03:51:00,53500,107000
571,4085861,2018-09-11 11:47:00,2,67000,62500,2018-09-13 06:43:00,53500,107000
572,4085861,2018-09-11 20:52:00,1,53500,52000,2018-09-17 22:59:00,53500,53500
573,4085861,2018-09-11 20:52:00,1,53500,67000,2018-09-12 03:51:00,53500,53500
574,4085861,2018-09-11 20:52:00,1,58000,53500,2018-09-17 03:35:00,53500,53500
575,4085861,2018-09-11 20:52:00,1,60000,53500,2018-09-11 08:51:00,53500,53500
576,4085861,2018-09-11 20:52:00,1,62500,58000,2018-09-15 03:51:00,53500,53500
577,4085861,2018-09-11 20:52:00,1,67000,62500,2018-09-13 06:43:00,53500,53500
578,4085861,2018-09-17 10:53:00,1,53500,52000,2018-09-17 22:59:00,53500,53500
579,4085861,2018-09-17 10:53:00,1,53500,67000,2018-09-12 03:51:00,53500,53500
580,4085861,2018-09-17 10:53:00,1,58000,53500,2018-09-17 03:35:00,53500,53500
581,4085861,2018-09-17 10:53:00,1,60000,53500,2018-09-11 08:51:00,53500,53500
582,4085861,2018-09-17 10:53:00,1,62500,58000,2018-09-15 03:51:00,53500,53500
583,4085861,2018-09-17 10:53:00,1,67000,62500,2018-09-13 06:43:00,53500,53500
584,4085861,2018-09-17 14:14:00,1,53500,52000,2018-09-17 22:59:00,53500,53500
585,4085861,2018-09-17 14:14:00,1,53500,67000,2018-09-12 03:51:00,53500,53500
586,4085861,2018-09-17 14:14:00,1,58000,53500,2018-09-17 03:35:00,53500,53500
587,4085861,2018-09-17 14:14:00,1,60000,53500,2018-09-11 08:51:00,53500,53500
588,4085861,2018-09-17 14:14:00,1,62500,58000,2018-09-15 03:51:00,53500,53500
589,4085861,2018-09-17 14:14:00,1,67000,62500,2018-09-13 06:43:00,53500,53500
590,4085861,2018-09-17 12:39:00,1,53500,52000,2018-09-17 22:59:00,53500,53500
591,4085861,2018-09-17 12:39:00,1,53500,67000,2018-09-12 03:51:00,53500,53500
592,4085861,2018-09-17 12:39:00,1,58000,53500,2018-09-17 03:35:00,53500,53500
593,4085861,2018-09-17 12:39:00,1,60000,53500,2018-09-11 08:51:00,53500,53500
594,4085861,2018-09-17 12:39:00,1,62500,58000,2018-09-15 03:51:00,53500,53500
595,4085861,2018-09-17 12:39:00,1,67000,62500,2018-09-13 06:43:00,53500,53500
596,4085861,2018-09-11 11:34:00,1,53500,52000,2018-09-17 22:59:00,53500,53500
597,4085861,2018-09-11 11:34:00,1,53500,67000,2018-09-12 03:51:00,53500,53500
598,4085861,2018-09-11 11:34:00,1,58000,53500,2018-09-17 03:35:00,53500,53500
599,4085861,2018-09-11 11:34:00,1,60000,53500,2018-09-11 08:51:00,53500,53500
600,4085861,2018-09-11 11:34:00,1,62500,58000,2018-09-15 03:51:00,53500,53500
601,4085861,2018-09-11 11:34:00,1,67000,62500,2018-09-13 06:43:00,53500,53500
602,4085861,2018-09-11 11:06:00,1,53500,52000,2018-09-17 22:59:00,53500,53500
603,4085861,2018-09-11 11:06:00,1,53500,67000,2018-09-12 03:51:00,53500,53500
604,4085861,2018-09-11 11:06:00,1,58000,53500,2018-09-17 03:35:00,53500,53500
605,4085861,2018-09-11 11:06:00,1,60000,53500,2018-09-11 08:51:00,53500,53500
606,4085861,2018-09-11 11:06:00,1,62500,58000,2018-09-15 03:51:00,53500,53500
607,4085861,2018-09-11 11:06:00,1,67000,62500,2018-09-13 06:43:00,53500,53500
608,4085861,2018-09-11 22:26:00,1,53500,52000,2018-09-17 22:59:00,53500,53500
609,4085861,2018-09-11 22:26:00,1,53500,67000,2018-09-12 03:51:00,53500,53500
610,4085861,2018-09-11 22:26:00,1,58000,53500,2018-09-17 03:35:00,53500,53500
611,4085861,2018-09-11 22:26:00,1,60000,53500,2018-09-11 08:51:00,53500,53500
612,4085861,2018-09-11 22:26:00,1,62500,58000,2018-09-15 03:51:00,53500,53500
613,4085861,2018-09-11 22:26:00,1,67000,62500,2018-09-13 06:43:00,53500,53500
614,4085861,2018-09-17 17:25:00,1,53500,52000,2018-09-17 22:59:00,53500,53500
615,4085861,2018-09-17 17:25:00,1,53500,67000,2018-09-12 03:51:00,53500,53500
616,4085861,2018-09-17 17:25:00,1,58000,53500,2018-09-17 03:35:00,53500,53500
617,4085861,2018-09-17 17:25:00,1,60000,53500,2018-09-11 08:51:00,53500,53500
618,4085861,2018-09-17 17:25:00,1,62500,58000,2018-09-15 03:51:00,53500,53500
619,4085861,2018-09-17 17:25:00,1,67000,62500,2018-09-13 06:43:00,53500,53500
620,4085861,2018-09-11 16:48:00,1,53500,52000,2018-09-17 22:59:00,53500,53500
621,4085861,2018-09-11 16:48:00,1,53500,67000,2018-09-12 03:51:00,53500,53500
622,4085861,2018-09-11 16:48:00,1,58000,53500,2018-09-17 03:35:00,53500,53500
623,4085861,2018-09-11 16:48:00,1,60000,53500,2018-09-11 08:51:00,53500,53500
624,4085861,2018-09-11 16:48:00,1,62500,58000,2018-09-15 03:51:00,53500,53500
625,4085861,2018-09-11 16:48:00,1,67000,62500,2018-09-13 06:43:00,53500,53500
626,4085861,2018-09-17 10:38:00,1,53500,52000,2018-09-17 22:59:00,53500,53500
627,4085861,2018-09-17 10:38:00,1,53500,67000,2018-09-12 03:51:00,53500,53500
628,4085861,2018-09-17 10:38:00,1,58000,53500,2018-09-17 03:35:00,53500,53500
629,4085861,2018-09-17 10:38:00,1,60000,53500,2018-09-11 08:51:00,53500,53500
630,4085861,2018-09-17 10:38:00,1,62500,58000,2018-09-15 03:51:00,53500,53500
631,4085861,2018-09-17 10:38:00,1,67000,62500,2018-09-13 06:43:00,53500,53500
632,4085861,2018-09-17 10:49:00,1,53500,52000,2018-09-17 22:59:00,53500,53500
633,4085861,2018-09-17 10:49:00,1,53500,67000,2018-09-12 03:51:00,53500,53500
634,4085861,2018-09-17 10:49:00,1,58000,53500,2018-09-17 03:35:00,53500,53500
635,4085861,2018-09-17 10:49:00,1,60000,53500,2018-09-11 08:51:00,53500,53500
636,4085861,2018-09-17 10:49:00,1,62500,58000,2018-09-15 03:51:00,53500,53500
637,4085861,2018-09-17 10:49:00,1,67000,62500,2018-09-13 06:43:00,53500,53500
638,4085861,2018-09-17 22:18:00,1,53500,52000,2018-09-17 22:59:00,53500,53500
639,4085861,2018-09-17 22:18:00,1,53500,67000,2018-09-12 03:51:00,53500,53500
640,4085861,2018-09-17 22:18:00,1,58000,53500,2018-09-17 03:35:00,53500,53500
641,4085861,2018-09-17 22:18:00,1,60000,53500,2018-09-11 08:51:00,53500,53500
642,4085861,2018-09-17 22:18:00,1,62500,58000,2018-09-15 03:51:00,53500,53500
643,4085861,2018-09-17 22:18:00,1,67000,62500,2018-09-13 06:43:00,53500,53500
644,4085861,2018-09-17 21:48:00,1,53500,52000,2018-09-17 22:59:00,53500,53500
645,4085861,2018-09-17 21:48:00,1,53500,67000,2018-09-12 03:51:00,53500,53500
646,4085861,2018-09-17 21:48:00,1,58000,53500,2018-09-17 03:35:00,53500,53500
647,4085861,2018-09-17 21:48:00,1,60000,53500,2018-09-11 08:51:00,53500,53500
648,4085861,2018-09-17 21:48:00,1,62500,58000,2018-09-15 03:51:00,53500,53500
649,4085861,2018-09-17 21:48:00,1,67000,62500,2018-09-13 06:43:00,53500,53500
650,4085861,2018-09-11 16:59:00,1,53500,52000,2018-09-17 22:59:00,53500,53500
651,4085861,2018-09-11 16:59:00,1,53500,67000,2018-09-12 03:51:00,53500,53500
652,4085861,2018-09-11 16:59:00,1,58000,53500,2018-09-17 03:35:00,53500,53500
653,4085861,2018-09-11 16:59:00,1,60000,53500,2018-09-11 08:51:00,53500,53500
654,4085861,2018-09-11 16:59:00,1,62500,58000,2018-09-15 03:51:00,53500,53500
655,4085861,2018-09-11 16:59:00,1,67000,62500,2018-09-13 06:43:00,53500,53500
656,4085861,2018-09-17 16:52:00,1,53500,52000,2018-09-17 22:59:00,53500,53500
657,4085861,2018-09-17 16:52:00,1,53500,67000,2018-09-12 03:51:00,53500,53500
658,4085861,2018-09-17 16:52:00,1,58000,53500,2018-09-17 03:35:00,53500,53500
659,4085861,2018-09-17 16:52:00,1,60000,53500,2018-09-11 08:51:00,53500,53500
660,4085861,2018-09-17 16:52:00,1,62500,58000,2018-09-15 03:51:00,53500,53500
661,4085861,2018-09-17 16:52:00,1,67000,62500,2018-09-13 06:43:00,53500,53500
662,4085861,2018-09-11 09:30:00,1,53500,52000,2018-09-17 22:59:00,53500,53500
663,4085861,2018-09-11 09:30:00,1,53500,67000,2018-09-12 03:51:00,53500,53500
664,4085861,2018-09-11 09:30:00,1,58000,53500,2018-09-17 03:35:00,53500,53500
665,4085861,2018-09-11 09:30:00,1,60000,53500,2018-09-11 08:51:00,53500,53500
666,4085861,2018-09-11 09:30:00,1,62500,58000,2018-09-15 03:51:00,53500,53500
667,4085861,2018-09-11 09:30:00,1,67000,62500,2018-09-13 06:43:00,53500,53500
668,4085861,2018-09-11 22:14:00,1,53500,52000,2018-09-17 22:59:00,53500,53500
669,4085861,2018-09-11 22:14:00,1,53500,67000,2018-09-12 03:51:00,53500,53500
670,4085861,2018-09-11 22:14:00,1,58000,53500,2018-09-17 03:35:00,53500,53500
671,4085861,2018-09-11 22:14:00,1,60000,53500,2018-09-11 08:51:00,53500,53500
672,4085861,2018-09-11 22:14:00,1,62500,58000,2018-09-15 03:51:00,53500,53500
673,4085861,2018-09-11 22:14:00,1,67000,62500,2018-09-13 06:43:00,53500,53500
674,4085861,2018-09-17 20:39:00,1,53500,52000,2018-09-17 22:59:00,53500,53500
675,4085861,2018-09-17 20:39:00,1,53500,67000,2018-09-12 03:51:00,53500,53500
676,4085861,2018-09-17 20:39:00,1,58000,53500,2018-09-17 03:35:00,53500,53500
677,4085861,2018-09-17 20:39:00,1,60000,53500,2018-09-11 08:51:00,53500,53500
678,4085861,2018-09-17 20:39:00,1,62500,58000,2018-09-15 03:51:00,53500,53500
679,4085861,2018-09-17 20:39:00,1,67000,62500,2018-09-13 06:43:00,53500,53500
680,4085861,2018-09-17 07:56:00,1,53500,52000,2018-09-17 22:59:00,53500,53500
681,4085861,2018-09-17 07:56:00,1,53500,67000,2018-09-12 03:51:00,53500,53500
682,4085861,2018-09-17 07:56:00,1,58000,53500,2018-09-17 03:35:00,53500,53500
683,4085861,2018-09-17 07:56:00,1,60000,53500,2018-09-11 08:51:00,53500,53500
684,4085861,2018-09-17 07:56:00,1,62500,58000,2018-09-15 03:51:00,53500,53500
685,4085861,2018-09-17 07:56:00,1,67000,62500,2018-09-13 06:43:00,53500,53500
686,4085861,2018-09-17 15:05:00,1,53500,52000,2018-09-17 22:59:00,53500,53500
687,4085861,2018-09-17 15:05:00,1,53500,67000,2018-09-12 03:51:00,53500,53500
688,4085861,2018-09-17 15:05:00,1,58000,53500,2018-09-17 03:35:00,53500,53500
689,4085861,2018-09-17 15:05:00,1,60000,53500,2018-09-11 08:51:00,53500,53500
690,4085861,2018-09-17 15:05:00,1,62500,58000,2018-09-15 03:51:00,53500,53500
691,4085861,2018-09-17 15:05:00,1,67000,62500,2018-09-13 06:43:00,53500,53500
692,4085861,2018-09-17 22:22:00,1,53500,52000,2018-09-17 22:59:00,53500,53500
693,4085861,2018-09-17 22:22:00,1,53500,67000,2018-09-12 03:51:00,53500,53500
694,4085861,2018-09-17 22:22:00,1,58000,53500,2018-09-17 03:35:00,53500,53500
695,4085861,2018-09-17 22:22:00,1,60000,53500,2018-09-11 08:51:00,53500,53500
696,4085861,2018-09-17 22:22:00,1,62500,58000,2018-09-15 03:51:00,53500,53500
697,4085861,2018-09-17 22:22:00,1,67000,62500,2018-09-13 06:43:00,53500,53500
698,4085861,2018-09-12 21:43:00,1,53500,52000,2018-09-17 22:59:00,67000,67000
699,4085861,2018-09-12 21:43:00,1,53500,67000,2018-09-12 03:51:00,67000,67000
700,4085861,2018-09-12 21:43:00,1,58000,53500,2018-09-17 03:35:00,67000,67000
701,4085861,2018-09-12 21:43:00,1,60000,53500,2018-09-11 08:51:00,67000,67000
702,4085861,2018-09-12 21:43:00,1,62500,58000,2018-09-15 03:51:00,67000,67000
703,4085861,2018-09-12 21:43:00,1,67000,62500,2018-09-13 06:43:00,67000,67000
704,4085861,2018-09-12 07:30:00,1,53500,52000,2018-09-17 22:59:00,67000,67000
705,4085861,2018-09-12 07:30:00,1,53500,67000,2018-09-12 03:51:00,67000,67000
706,4085861,2018-09-12 07:30:00,1,58000,53500,2018-09-17 03:35:00,67000,67000
707,4085861,2018-09-12 07:30:00,1,60000,53500,2018-09-11 08:51:00,67000,67000
708,4085861,2018-09-12 07:30:00,1,62500,58000,2018-09-15 03:51:00,67000,67000
709,4085861,2018-09-12 07:30:00,1,67000,62500,2018-09-13 06:43:00,67000,67000
710,4085861,2018-09-12 13:45:00,1,53500,52000,2018-09-17 22:59:00,67000,67000
711,4085861,2018-09-12 13:45:00,1,53500,67000,2018-09-12 03:51:00,67000,67000
712,4085861,2018-09-12 13:45:00,1,58000,53500,2018-09-17 03:35:00,67000,67000
713,4085861,2018-09-12 13:45:00,1,60000,53500,2018-09-11 08:51:00,67000,67000
714,4085861,2018-09-12 13:45:00,1,62500,58000,2018-09-15 03:51:00,67000,67000
715,4085861,2018-09-12 13:45:00,1,67000,62500,2018-09-13 06:43:00,67000,67000
716,4085861,2018-09-12 11:29:00,1,53500,52000,2018-09-17 22:59:00,67000,67000
717,4085861,2018-09-12 11:29:00,1,53500,67000,2018-09-12 03:51:00,67000,67000
718,4085861,2018-09-12 11:29:00,1,58000,53500,2018-09-17 03:35:00,67000,67000
719,4085861,2018-09-12 11:29:00,1,60000,53500,2018-09-11 08:51:00,67000,67000
720,4085861,2018-09-12 11:29:00,1,62500,58000,2018-09-15 03:51:00,67000,67000
721,4085861,2018-09-12 11:29:00,1,67000,62500,2018-09-13 06:43:00,67000,67000
722,4085861,2018-09-12 20:17:00,1,53500,52000,2018-09-17 22:59:00,67000,67000
723,4085861,2018-09-12 20:17:00,1,53500,67000,2018-09-12 03:51:00,67000,67000
724,4085861,2018-09-12 20:17:00,1,58000,53500,2018-09-17 03:35:00,67000,67000
725,4085861,2018-09-12 20:17:00,1,60000,53500,2018-09-11 08:51:00,67000,67000
726,4085861,2018-09-12 20:17:00,1,62500,58000,2018-09-15 03:51:00,67000,67000
727,4085861,2018-09-12 20:17:00,1,67000,62500,2018-09-13 06:43:00,67000,67000
728,4085861,2018-09-12 20:32:00,1,53500,52000,2018-09-17 22:59:00,67000,67000
729,4085861,2018-09-12 20:32:00,1,53500,67000,2018-09-12 03:51:00,67000,67000
730,4085861,2018-09-12 20:32:00,1,58000,53500,2018-09-17 03:35:00,67000,67000
731,4085861,2018-09-12 20:32:00,1,60000,53500,2018-09-11 08:51:00,67000,67000
732,4085861,2018-09-12 20:32:00,1,62500,58000,2018-09-15 03:51:00,67000,67000
733,4085861,2018-09-12 20:32:00,1,67000,62500,2018-09-13 06:43:00,67000,67000
734,4085861,2018-09-12 12:04:00,1,53500,52000,2018-09-17 22:59:00,67000,67000
735,4085861,2018-09-12 12:04:00,1,53500,67000,2018-09-12 03:51:00,67000,67000
736,4085861,2018-09-12 12:04:00,1,58000,53500,2018-09-17 03:35:00,67000,67000
737,4085861,2018-09-12 12:04:00,1,60000,53500,2018-09-11 08:51:00,67000,67000
738,4085861,2018-09-12 12:04:00,1,62500,58000,2018-09-15 03:51:00,67000,67000
739,4085861,2018-09-12 12:04:00,1,67000,62500,2018-09-13 06:43:00,67000,67000
740,4085861,2018-09-12 11:10:00,1,53500,52000,2018-09-17 22:59:00,67000,67000
741,4085861,2018-09-12 11:10:00,1,53500,67000,2018-09-12 03:51:00,67000,67000
742,4085861,2018-09-12 11:10:00,1,58000,53500,2018-09-17 03:35:00,67000,67000
743,4085861,2018-09-12 11:10:00,1,60000,53500,2018-09-11 08:51:00,67000,67000
744,4085861,2018-09-12 11:10:00,1,62500,58000,2018-09-15 03:51:00,67000,67000
745,4085861,2018-09-12 11:10:00,1,67000,62500,2018-09-13 06:43:00,67000,67000
746,4085861,2018-09-12 15:34:00,1,53500,52000,2018-09-17 22:59:00,67000,67000
747,4085861,2018-09-12 15:34:00,1,53500,67000,2018-09-12 03:51:00,67000,67000
748,4085861,2018-09-12 15:34:00,1,58000,53500,2018-09-17 03:35:00,67000,67000
749,4085861,2018-09-12 15:34:00,1,60000,53500,2018-09-11 08:51:00,67000,67000
750,4085861,2018-09-12 15:34:00,1,62500,58000,2018-09-15 03:51:00,67000,67000
751,4085861,2018-09-12 15:34:00,1,67000,62500,2018-09-13 06:43:00,67000,67000
752,4085861,2018-09-12 11:18:00,1,53500,52000,2018-09-17 22:59:00,67000,67000
753,4085861,2018-09-12 11:18:00,1,53500,67000,2018-09-12 03:51:00,67000,67000
754,4085861,2018-09-12 11:18:00,1,58000,53500,2018-09-17 03:35:00,67000,67000
755,4085861,2018-09-12 11:18:00,1,60000,53500,2018-09-11 08:51:00,67000,67000
756,4085861,2018-09-12 11:18:00,1,62500,58000,2018-09-15 03:51:00,67000,67000
757,4085861,2018-09-12 11:18:00,1,67000,62500,2018-09-13 06:43:00,67000,67000
758,4085861,2018-09-12 17:55:00,1,53500,52000,2018-09-17 22:59:00,67000,67000
759,4085861,2018-09-12 17:55:00,1,53500,67000,2018-09-12 03:51:00,67000,67000
760,4085861,2018-09-12 17:55:00,1,58000,53500,2018-09-17 03:35:00,67000,67000
761,4085861,2018-09-12 17:55:00,1,60000,53500,2018-09-11 08:51:00,67000,67000
762,4085861,2018-09-12 17:55:00,1,62500,58000,2018-09-15 03:51:00,67000,67000
763,4085861,2018-09-12 17:55:00,1,67000,62500,2018-09-13 06:43:00,67000,67000
764,4085861,2018-09-12 17:24:00,1,53500,52000,2018-09-17 22:59:00,67000,67000
765,4085861,2018-09-12 17:24:00,1,53500,67000,2018-09-12 03:51:00,67000,67000
766,4085861,2018-09-12 17:24:00,1,58000,53500,2018-09-17 03:35:00,67000,67000
767,4085861,2018-09-12 17:24:00,1,60000,53500,2018-09-11 08:51:00,67000,67000
768,4085861,2018-09-12 17:24:00,1,62500,58000,2018-09-15 03:51:00,67000,67000
769,4085861,2018-09-12 17:24:00,1,67000,62500,2018-09-13 06:43:00,67000,67000
770,4085861,2018-09-12 13:03:00,1,53500,52000,2018-09-17 22:59:00,67000,67000
771,4085861,2018-09-12 13:03:00,1,53500,67000,2018-09-12 03:51:00,67000,67000
772,4085861,2018-09-12 13:03:00,1,58000,53500,2018-09-17 03:35:00,67000,67000
773,4085861,2018-09-12 13:03:00,1,60000,53500,2018-09-11 08:51:00,67000,67000
774,4085861,2018-09-12 13:03:00,1,62500,58000,2018-09-15 03:51:00,67000,67000
775,4085861,2018-09-12 13:03:00,1,67000,62500,2018-09-13 06:43:00,67000,67000
776,4085861,2018-09-14 14:50:00,1,53500,52000,2018-09-17 22:59:00,62500,62500
777,4085861,2018-09-14 14:50:00,1,53500,67000,2018-09-12 03:51:00,62500,62500
778,4085861,2018-09-14 14:50:00,1,58000,53500,2018-09-17 03:35:00,62500,62500
779,4085861,2018-09-14 14:50:00,1,60000,53500,2018-09-11 08:51:00,62500,62500
780,4085861,2018-09-14 14:50:00,1,62500,58000,2018-09-15 03:51:00,62500,62500
781,4085861,2018-09-14 14:50:00,1,67000,62500,2018-09-13 06:43:00,62500,62500
782,4085861,2018-09-14 15:38:00,1,53500,52000,2018-09-17 22:59:00,62500,62500
783,4085861,2018-09-14 15:38:00,1,53500,67000,2018-09-12 03:51:00,62500,62500
784,4085861,2018-09-14 15:38:00,1,58000,53500,2018-09-17 03:35:00,62500,62500
785,4085861,2018-09-14 15:38:00,1,60000,53500,2018-09-11 08:51:00,62500,62500
786,4085861,2018-09-14 15:38:00,1,62500,58000,2018-09-15 03:51:00,62500,62500
787,4085861,2018-09-14 15:38:00,1,67000,62500,2018-09-13 06:43:00,62500,62500
788,4085861,2018-09-13 12:56:00,1,53500,52000,2018-09-17 22:59:00,62500,62500
789,4085861,2018-09-13 12:56:00,1,53500,67000,2018-09-12 03:51:00,62500,62500
790,4085861,2018-09-13 12:56:00,1,58000,53500,2018-09-17 03:35:00,62500,62500
791,4085861,2018-09-13 12:56:00,1,60000,53500,2018-09-11 08:51:00,62500,62500
792,4085861,2018-09-13 12:56:00,1,62500,58000,2018-09-15 03:51:00,62500,62500
793,4085861,2018-09-13 12:56:00,1,67000,62500,2018-09-13 06:43:00,62500,62500
794,4085861,2018-09-13 21:08:00,1,53500,52000,2018-09-17 22:59:00,62500,62500
795,4085861,2018-09-13 21:08:00,1,53500,67000,2018-09-12 03:51:00,62500,62500
796,4085861,2018-09-13 21:08:00,1,58000,53500,2018-09-17 03:35:00,62500,62500
797,4085861,2018-09-13 21:08:00,1,60000,53500,2018-09-11 08:51:00,62500,62500
798,4085861,2018-09-13 21:08:00,1,62500,58000,2018-09-15 03:51:00,62500,62500
799,4085861,2018-09-13 21:08:00,1,67000,62500,2018-09-13 06:43:00,62500,62500
800,4085861,2018-09-13 08:12:00,1,53500,52000,2018-09-17 22:59:00,62500,62500
801,4085861,2018-09-13 08:12:00,1,53500,67000,2018-09-12 03:51:00,62500,62500
802,4085861,2018-09-13 08:12:00,1,58000,53500,2018-09-17 03:35:00,62500,62500
803,4085861,2018-09-13 08:12:00,1,60000,53500,2018-09-11 08:51:00,62500,62500
804,4085861,2018-09-13 08:12:00,1,62500,58000,2018-09-15 03:51:00,62500,62500
805,4085861,2018-09-13 08:12:00,1,67000,62500,2018-09-13 06:43:00,62500,62500
806,4085861,2018-09-13 08:05:00,1,53500,52000,2018-09-17 22:59:00,62500,62500
807,4085861,2018-09-13 08:05:00,1,53500,67000,2018-09-12 03:51:00,62500,62500
808,4085861,2018-09-13 08:05:00,1,58000,53500,2018-09-17 03:35:00,62500,62500
809,4085861,2018-09-13 08:05:00,1,60000,53500,2018-09-11 08:51:00,62500,62500
810,4085861,2018-09-13 08:05:00,1,62500,58000,2018-09-15 03:51:00,62500,62500
811,4085861,2018-09-13 08:05:00,1,67000,62500,2018-09-13 06:43:00,62500,62500
812,4085861,2018-09-13 11:52:00,1,53500,52000,2018-09-17 22:59:00,62500,62500
813,4085861,2018-09-13 11:52:00,1,53500,67000,2018-09-12 03:51:00,62500,62500
814,4085861,2018-09-13 11:52:00,1,58000,53500,2018-09-17 03:35:00,62500,62500
815,4085861,2018-09-13 11:52:00,1,60000,53500,2018-09-11 08:51:00,62500,62500
816,4085861,2018-09-13 11:52:00,1,62500,58000,2018-09-15 03:51:00,62500,62500
817,4085861,2018-09-13 11:52:00,1,67000,62500,2018-09-13 06:43:00,62500,62500
818,4085861,2018-09-13 17:42:00,1,53500,52000,2018-09-17 22:59:00,62500,62500
819,4085861,2018-09-13 17:42:00,1,53500,67000,2018-09-12 03:51:00,62500,62500
820,4085861,2018-09-13 17:42:00,1,58000,53500,2018-09-17 03:35:00,62500,62500
821,4085861,2018-09-13 17:42:00,1,60000,53500,2018-09-11 08:51:00,62500,62500
822,4085861,2018-09-13 17:42:00,1,62500,58000,2018-09-15 03:51:00,62500,62500
823,4085861,2018-09-13 17:42:00,1,67000,62500,2018-09-13 06:43:00,62500,62500
824,4085861,2018-09-14 22:29:00,1,53500,52000,2018-09-17 22:59:00,62500,62500
825,4085861,2018-09-14 22:29:00,1,53500,67000,2018-09-12 03:51:00,62500,62500
826,4085861,2018-09-14 22:29:00,1,58000,53500,2018-09-17 03:35:00,62500,62500
827,4085861,2018-09-14 22:29:00,1,60000,53500,2018-09-11 08:51:00,62500,62500
828,4085861,2018-09-14 22:29:00,1,62500,58000,2018-09-15 03:51:00,62500,62500
829,4085861,2018-09-14 22:29:00,1,67000,62500,2018-09-13 06:43:00,62500,62500
830,4085861,2018-09-14 07:30:00,1,53500,52000,2018-09-17 22:59:00,62500,62500
831,4085861,2018-09-14 07:30:00,1,53500,67000,2018-09-12 03:51:00,62500,62500
832,4085861,2018-09-14 07:30:00,1,58000,53500,2018-09-17 03:35:00,62500,62500
833,4085861,2018-09-14 07:30:00,1,60000,53500,2018-09-11 08:51:00,62500,62500
834,4085861,2018-09-14 07:30:00,1,62500,58000,2018-09-15 03:51:00,62500,62500
835,4085861,2018-09-14 07:30:00,1,67000,62500,2018-09-13 06:43:00,62500,62500
836,4085861,2018-09-14 09:19:00,1,53500,52000,2018-09-17 22:59:00,62500,62500
837,4085861,2018-09-14 09:19:00,1,53500,67000,2018-09-12 03:51:00,62500,62500
838,4085861,2018-09-14 09:19:00,1,58000,53500,2018-09-17 03:35:00,62500,62500
839,4085861,2018-09-14 09:19:00,1,60000,53500,2018-09-11 08:51:00,62500,62500
840,4085861,2018-09-14 09:19:00,1,62500,58000,2018-09-15 03:51:00,62500,62500
841,4085861,2018-09-14 09:19:00,1,67000,62500,2018-09-13 06:43:00,62500,62500
842,4085861,2018-09-13 19:01:00,1,53500,52000,2018-09-17 22:59:00,62500,62500
843,4085861,2018-09-13 19:01:00,1,53500,67000,2018-09-12 03:51:00,62500,62500
844,4085861,2018-09-13 19:01:00,1,58000,53500,2018-09-17 03:35:00,62500,62500
845,4085861,2018-09-13 19:01:00,1,60000,53500,2018-09-11 08:51:00,62500,62500
846,4085861,2018-09-13 19:01:00,1,62500,58000,2018-09-15 03:51:00,62500,62500
847,4085861,2018-09-13 19:01:00,1,67000,62500,2018-09-13 06:43:00,62500,62500
848,4085861,2018-09-14 20:00:00,1,53500,52000,2018-09-17 22:59:00,62500,62500
849,4085861,2018-09-14 20:00:00,1,53500,67000,2018-09-12 03:51:00,62500,62500
850,4085861,2018-09-14 20:00:00,1,58000,53500,2018-09-17 03:35:00,62500,62500
851,4085861,2018-09-14 20:00:00,1,60000,53500,2018-09-11 08:51:00,62500,62500
852,4085861,2018-09-14 20:00:00,1,62500,58000,2018-09-15 03:51:00,62500,62500
853,4085861,2018-09-14 20:00:00,1,67000,62500,2018-09-13 06:43:00,62500,62500
854,4085861,2018-09-13 16:33:00,1,53500,52000,2018-09-17 22:59:00,62500,62500
855,4085861,2018-09-13 16:33:00,1,53500,67000,2018-09-12 03:51:00,62500,62500
856,4085861,2018-09-13 16:33:00,1,58000,53500,2018-09-17 03:35:00,62500,62500
857,4085861,2018-09-13 16:33:00,1,60000,53500,2018-09-11 08:51:00,62500,62500
858,4085861,2018-09-13 16:33:00,1,62500,58000,2018-09-15 03:51:00,62500,62500
859,4085861,2018-09-13 16:33:00,1,67000,62500,2018-09-13 06:43:00,62500,62500
860,4085861,2018-09-14 19:32:00,1,53500,52000,2018-09-17 22:59:00,62500,62500
861,4085861,2018-09-14 19:32:00,1,53500,67000,2018-09-12 03:51:00,62500,62500
862,4085861,2018-09-14 19:32:00,1,58000,53500,2018-09-17 03:35:00,62500,62500
863,4085861,2018-09-14 19:32:00,1,60000,53500,2018-09-11 08:51:00,62500,62500
864,4085861,2018-09-14 19:32:00,1,62500,58000,2018-09-15 03:51:00,62500,62500
865,4085861,2018-09-14 19:32:00,1,67000,62500,2018-09-13 06:43:00,62500,62500
866,4085861,2018-09-13 14:56:00,1,53500,52000,2018-09-17 22:59:00,62500,62500
867,4085861,2018-09-13 14:56:00,1,53500,67000,2018-09-12 03:51:00,62500,62500
868,4085861,2018-09-13 14:56:00,1,58000,53500,2018-09-17 03:35:00,62500,62500
869,4085861,2018-09-13 14:56:00,1,60000,53500,2018-09-11 08:51:00,62500,62500
870,4085861,2018-09-13 14:56:00,1,62500,58000,2018-09-15 03:51:00,62500,62500
871,4085861,2018-09-13 14:56:00,1,67000,62500,2018-09-13 06:43:00,62500,62500
872,4085861,2018-09-14 12:34:00,1,53500,52000,2018-09-17 22:59:00,62500,62500
873,4085861,2018-09-14 12:34:00,1,53500,67000,2018-09-12 03:51:00,62500,62500
874,4085861,2018-09-14 12:34:00,1,58000,53500,2018-09-17 03:35:00,62500,62500
875,4085861,2018-09-14 12:34:00,1,60000,53500,2018-09-11 08:51:00,62500,62500
876,4085861,2018-09-14 12:34:00,1,62500,58000,2018-09-15 03:51:00,62500,62500
877,4085861,2018-09-14 12:34:00,1,67000,62500,2018-09-13 06:43:00,62500,62500
878,4085861,2018-09-13 14:22:00,1,53500,52000,2018-09-17 22:59:00,62500,62500
879,4085861,2018-09-13 14:22:00,1,53500,67000,2018-09-12 03:51:00,62500,62500
880,4085861,2018-09-13 14:22:00,1,58000,53500,2018-09-17 03:35:00,62500,62500
881,4085861,2018-09-13 14:22:00,1,60000,53500,2018-09-11 08:51:00,62500,62500
882,4085861,2018-09-13 14:22:00,1,62500,58000,2018-09-15 03:51:00,62500,62500
883,4085861,2018-09-13 14:22:00,1,67000,62500,2018-09-13 06:43:00,62500,62500
884,4085861,2018-09-13 22:05:00,1,53500,52000,2018-09-17 22:59:00,62500,62500
885,4085861,2018-09-13 22:05:00,1,53500,67000,2018-09-12 03:51:00,62500,62500
886,4085861,2018-09-13 22:05:00,1,58000,53500,2018-09-17 03:35:00,62500,62500
887,4085861,2018-09-13 22:05:00,1,60000,53500,2018-09-11 08:51:00,62500,62500
888,4085861,2018-09-13 22:05:00,1,62500,58000,2018-09-15 03:51:00,62500,62500
889,4085861,2018-09-13 22:05:00,1,67000,62500,2018-09-13 06:43:00,62500,62500
890,4085861,2018-09-13 19:07:00,1,53500,52000,2018-09-17 22:59:00,62500,62500
891,4085861,2018-09-13 19:07:00,1,53500,67000,2018-09-12 03:51:00,62500,62500
892,4085861,2018-09-13 19:07:00,1,58000,53500,2018-09-17 03:35:00,62500,62500
893,4085861,2018-09-13 19:07:00,1,60000,53500,2018-09-11 08:51:00,62500,62500
894,4085861,2018-09-13 19:07:00,1,62500,58000,2018-09-15 03:51:00,62500,62500
895,4085861,2018-09-13 19:07:00,1,67000,62500,2018-09-13 06:43:00,62500,62500
896,4085861,2018-09-13 11:57:00,1,53500,52000,2018-09-17 22:59:00,62500,62500
897,4085861,2018-09-13 11:57:00,1,53500,67000,2018-09-12 03:51:00,62500,62500
898,4085861,2018-09-13 11:57:00,1,58000,53500,2018-09-17 03:35:00,62500,62500
899,4085861,2018-09-13 11:57:00,1,60000,53500,2018-09-11 08:51:00,62500,62500
900,4085861,2018-09-13 11:57:00,1,62500,58000,2018-09-15 03:51:00,62500,62500
901,4085861,2018-09-13 11:57:00,1,67000,62500,2018-09-13 06:43:00,62500,62500
902,4085861,2018-09-14 18:04:00,1,53500,52000,2018-09-17 22:59:00,62500,62500
903,4085861,2018-09-14 18:04:00,1,53500,67000,2018-09-12 03:51:00,62500,62500
904,4085861,2018-09-14 18:04:00,1,58000,53500,2018-09-17 03:35:00,62500,62500
905,4085861,2018-09-14 18:04:00,1,60000,53500,2018-09-11 08:51:00,62500,62500
906,4085861,2018-09-14 18:04:00,1,62500,58000,2018-09-15 03:51:00,62500,62500
907,4085861,2018-09-14 18:04:00,1,67000,62500,2018-09-13 06:43:00,62500,62500
908,4085861,2018-09-14 19:02:00,1,53500,52000,2018-09-17 22:59:00,62500,62500
909,4085861,2018-09-14 19:02:00,1,53500,67000,2018-09-12 03:51:00,62500,62500
910,4085861,2018-09-14 19:02:00,1,58000,53500,2018-09-17 03:35:00,62500,62500
911,4085861,2018-09-14 19:02:00,1,60000,53500,2018-09-11 08:51:00,62500,62500
912,4085861,2018-09-14 19:02:00,1,62500,58000,2018-09-15 03:51:00,62500,62500
913,4085861,2018-09-14 19:02:00,1,67000,62500,2018-09-13 06:43:00,62500,62500
914,4085861,2018-09-14 09:56:00,1,53500,52000,2018-09-17 22:59:00,62500,62500
915,4085861,2018-09-14 09:56:00,1,53500,67000,2018-09-12 03:51:00,62500,62500
916,4085861,2018-09-14 09:56:00,1,58000,53500,2018-09-17 03:35:00,62500,62500
917,4085861,2018-09-14 09:56:00,1,60000,53500,2018-09-11 08:51:00,62500,62500
918,4085861,2018-09-14 09:56:00,1,62500,58000,2018-09-15 03:51:00,62500,62500
919,4085861,2018-09-14 09:56:00,1,67000,62500,2018-09-13 06:43:00,62500,62500
920,4085861,2018-09-13 19:03:00,1,53500,52000,2018-09-17 22:59:00,62500,62500
921,4085861,2018-09-13 19:03:00,1,53500,67000,2018-09-12 03:51:00,62500,62500
922,4085861,2018-09-13 19:03:00,1,58000,53500,2018-09-17 03:35:00,62500,62500
923,4085861,2018-09-13 19:03:00,1,60000,53500,2018-09-11 08:51:00,62500,62500
924,4085861,2018-09-13 19:03:00,1,62500,58000,2018-09-15 03:51:00,62500,62500
925,4085861,2018-09-13 19:03:00,1,67000,62500,2018-09-13 06:43:00,62500,62500
926,4085861,2018-09-13 19:24:00,1,53500,52000,2018-09-17 22:59:00,62500,62500
927,4085861,2018-09-13 19:24:00,1,53500,67000,2018-09-12 03:51:00,62500,62500
928,4085861,2018-09-13 19:24:00,1,58000,53500,2018-09-17 03:35:00,62500,62500
929,4085861,2018-09-13 19:24:00,1,60000,53500,2018-09-11 08:51:00,62500,62500
930,4085861,2018-09-13 19:24:00,1,62500,58000,2018-09-15 03:51:00,62500,62500
931,4085861,2018-09-13 19:24:00,1,67000,62500,2018-09-13 06:43:00,62500,62500
932,4085861,2018-09-14 13:17:00,1,53500,52000,2018-09-17 22:59:00,62500,62500
933,4085861,2018-09-14 13:17:00,1,53500,67000,2018-09-12 03:51:00,62500,62500
934,4085861,2018-09-14 13:17:00,1,58000,53500,2018-09-17 03:35:00,62500,62500
935,4085861,2018-09-14 13:17:00,1,60000,53500,2018-09-11 08:51:00,62500,62500
936,4085861,2018-09-14 13:17:00,1,62500,58000,2018-09-15 03:51:00,62500,62500
937,4085861,2018-09-14 13:17:00,1,67000,62500,2018-09-13 06:43:00,62500,62500
938,4085861,2018-09-13 11:55:00,1,53500,52000,2018-09-17 22:59:00,62500,62500
939,4085861,2018-09-13 11:55:00,1,53500,67000,2018-09-12 03:51:00,62500,62500
940,4085861,2018-09-13 11:55:00,1,58000,53500,2018-09-17 03:35:00,62500,62500
941,4085861,2018-09-13 11:55:00,1,60000,53500,2018-09-11 08:51:00,62500,62500
942,4085861,2018-09-13 11:55:00,1,62500,58000,2018-09-15 03:51:00,62500,62500
943,4085861,2018-09-13 11:55:00,1,67000,62500,2018-09-13 06:43:00,62500,62500
944,4085861,2018-09-13 23:29:00,1,53500,52000,2018-09-17 22:59:00,62500,62500
945,4085861,2018-09-13 23:29:00,1,53500,67000,2018-09-12 03:51:00,62500,62500
946,4085861,2018-09-13 23:29:00,1,58000,53500,2018-09-17 03:35:00,62500,62500
947,4085861,2018-09-13 23:29:00,1,60000,53500,2018-09-11 08:51:00,62500,62500
948,4085861,2018-09-13 23:29:00,1,62500,58000,2018-09-15 03:51:00,62500,62500
949,4085861,2018-09-13 23:29:00,1,67000,62500,2018-09-13 06:43:00,62500,62500
950,64,2018-09-11 19:32:00,1,270000,239000,2018-09-10 16:37:00,239000,239000
951,64,2018-09-14 20:10:00,1,270000,239000,2018-09-10 16:37:00,239000,239000
952,64,2018-09-12 16:00:00,1,270000,239000,2018-09-10 16:37:00,239000,239000
953,64,2018-09-12 13:23:00,1,270000,239000,2018-09-10 16:37:00,239000,239000
